customerID,churn_probability
5178-LMXOP,0.8406973650089069
7216-EWTRS,0.8401866821159149
7024-OHCCK,0.8376640580372252
9497-QCMMS,0.8356408339926318
9300-AGZNL,0.8349695034754513
5567-WSELE,0.8335781445352312
1374-DMZUI,0.831787654744211
4424-TKOPW,0.8316146903106013
2720-WGKHP,0.8307632816133451
8098-LLAZX,0.8288160618153355
5150-ITWWB,0.8278903190394525
8149-RSOUN,0.8195563193244924
4910-GMJOT,0.8183504262739418
1069-XAIEM,0.8175452470212344
3049-SOLAY,0.8174041922534598
2545-EBUPK,0.8152676002951212
7851-WZEKY,0.8135332228469332
3158-MOERK,0.811105634692351
6861-XWTWQ,0.8108281923478441
0295-PPHDO,0.8091645983738545
4695-WJZUE,0.8083165872877086
8884-ADFVN,0.8077841074139788
1415-YFWLT,0.807477268900977
9057-SIHCH,0.8067299231110303
4750-ZRXIU,0.8049700140381112
2012-NWRPA,0.8047381362513633
3988-RQIXO,0.804083124557361
0196-VULGZ,0.8016091427619655
5192-EBGOV,0.8014433964080879
4826-XTSOH,0.8012669718483076
8972-HJWNV,0.8003611602219407
5419-JPRRN,0.7999732206786723
1273-MTETI,0.7990763936543182
4822-RVYBB,0.7982537234346103
6630-UJZMY,0.7980501560236655
5277-ZLOOR,0.7975251006824323
1400-MMYXY,0.7965506473153365
0781-LKXBR,0.7940758347404988
6023-YEBUP,0.7936016337183928
9681-OXGVC,0.7933565590216898
3793-MMFUH,0.7925410733982429
9282-IZGQK,0.792390687423016
2446-BEGGB,0.792369633986244
2660-EMUBI,0.792269829479489
5383-MMTWC,0.790685289320076
9061-TIHDA,0.7898972283757076
3068-OMWZA,0.7886691208444332
6496-SLWHQ,0.7873559353892255
6521-YYTYI,0.7872403027018765
8161-QYMTT,0.7861020021429245
0723-DRCLG,0.7860887004760281
1143-NMNQJ,0.7859250506135841
2982-VPSGI,0.785017612087482
7668-XCFYV,0.7847798584442428
4847-TAJYI,0.7847793972695533
7943-RQCHR,0.7840068630998186
4626-GYCZP,0.7833293270816719
9305-CDSKC,0.781899375050192
7450-NWRTR,0.7817851359305577
0021-IKXGC,0.7812391913051849
2865-TCHJW,0.7810077864532949
9134-CEQMF,0.7808679856807622
8603-IJWDN,0.7808528358583573
1724-BQUHA,0.7807741218381364
3489-HHPFY,0.7799095268556051
6513-EECDB,0.779002947401859
2725-KXXWT,0.7789768729844972
6350-XFYGW,0.7786822758672112
8058-JMEQO,0.7786267989763677
0187-QSXOE,0.7782473012908981
8775-LHDJH,0.7778370307641628
4102-OQUPX,0.777411988357459
1833-VGRUM,0.7773222809325213
4713-LZDRV,0.7767558722785343
4912-PIGUY,0.7766620302302019
0107-YHINA,0.7764376876005821
6474-FVJLC,0.7763499357951811
1455-UGQVH,0.7762690158450477
8245-UMPYT,0.7760565611290009
4115-NZRKS,0.7759183573978083
8414-MYSHR,0.7757132225787028
0897-FEGMU,0.774533186227663
3319-DWOEP,0.7744293509239469
3389-YGYAI,0.7741733486067471
3722-WPXTK,0.7741073130467218
5565-FILXA,0.7738924619805292
2656-TABEH,0.7738104420548723
1075-BGWOH,0.7734342101078095
2034-GDRCN,0.7734177280957863
8593-WHYHV,0.7730303122667942
2968-SSGAA,0.7728616406419363
1455-ESIQH,0.7726819328162698
3320-VEOYC,0.77242594788627
7577-SWIFR,0.7723960962440592
9965-YOKZB,0.7722465533859115
5935-FCCNB,0.7719514551190986
0970-ETWGE,0.7718236628978185
6230-BSUXY,0.7715374481034556
3027-ZTDHO,0.7711545432946353
0564-JJHGS,0.7705909829849469
7274-RTAPZ,0.7699082353094396
7779-LGOVN,0.7698625190002678
4145-UQXUQ,0.7694852413480917
8473-VUVJN,0.7693582889000103
9611-CTWIH,0.7691571331022219
7225-CBZPL,0.7689584086991973
8382-SHQEH,0.7689460829997883
3452-GWUIN,0.7681430965582765
3551-HUAZH,0.7679119266895025
8337-UPOAQ,0.7677948560200797
2642-DTVCO,0.7676202866556776
5240-IJOQT,0.7673316126960035
0697-ZMSWS,0.766277850359526
4078-SAYYN,0.7662665206176068
0916-QOFDP,0.7662254396758004
4988-IQIGL,0.7660708004844919
6894-LFHLY,0.7652925607140212
6567-HOOPW,0.7642085465987786
1304-NECVQ,0.7639503159920188
9248-OJYKK,0.7639263269400914
5519-NPHVG,0.763760092145023
2265-CYWIV,0.7632177952678478
1564-NTYXF,0.7628111310052004
3902-FOIGH,0.7621707962614557
7398-SKNQZ,0.7621420253556365
3643-AHCFP,0.761872010241947
3621-CEOVK,0.7615750379643795
4587-VVTOX,0.760604855511396
0259-GBZSH,0.7605492255009091
5956-VKDTT,0.7604812176527044
2205-YMZZJ,0.7601809822785967
9546-CQJSU,0.7600945435184807
1624-NALOJ,0.7596836504493341
4927-WWOOZ,0.759301954390059
4086-YQSNZ,0.7590093073858283
0722-TROQR,0.7589872453386706
7228-OMTPN,0.7586864503545757
1197-BVMVG,0.7584443911228513
4952-YSOGZ,0.7581229358272519
1658-BYGOY,0.7577509925597112
2737-WFVYW,0.7573835406963045
2235-DWLJU,0.7571850700432539
8992-JQYUN,0.7570279336227789
6108-OQZDQ,0.7570265113785399
7488-MXJIV,0.7570105150451704
1626-ERCMM,0.7569068245053929
2990-HWIML,0.7563416164832023
3318-NMQXL,0.7561076360734739
7526-BEZQB,0.7560610492673908
0754-UKWQP,0.7559931526933508
4548-SDBKE,0.7558897624749286
8739-XNIKG,0.7556571353099455
8580-AECUZ,0.7550213292463698
1875-QIVME,0.7549548903343223
8931-GJJIQ,0.7542594992400002
4192-GORJT,0.7541296652262255
6969-MVBAI,0.753954048817488
4273-MBHYA,0.7526270624756796
7576-OYWBN,0.7525924194334136
9221-OTIVJ,0.7519946594616503
1941-HOSAM,0.7516117349470328
0495-RVCBF,0.7515575032939961
8258-GSTJK,0.7509425607685588
4094-NSEDU,0.7506827374715337
3727-RJMEO,0.750079947883329
4614-NUVZD,0.7487119363403965
1925-TIBLE,0.7483195650659671
8779-QRDMV,0.7482739237649225
9451-LPGOO,0.7482519944295165
3811-VBYBZ,0.747764800538069
4415-IJZTP,0.7476138891792175
2004-OCQXK,0.7469737414067312
6688-UZPWD,0.7469265802912514
9189-JWSHV,0.7467653082494724
2672-HUYVI,0.7465752467581551
0236-HFWSV,0.7465679357857907
8816-VXNZD,0.7463842093964415
7234-FECYN,0.7455657360084255
9231-ZJYAM,0.7454843916487213
0680-DFNNY,0.7450018832824199
3776-EKTKM,0.7448849612631259
3519-ZKXGG,0.743931286397707
2506-TNFCO,0.7435896510625881
4951-UKAAQ,0.743385455081203
0195-IESCP,0.7430309278841515
2868-MZAGQ,0.7427695896193071
6161-UUUTA,0.7423270549450309
2609-IAICY,0.7421530522990659
4844-JJWUY,0.7419981540088487
8348-HFYIV,0.7408628704925444
5380-AFSSK,0.7404500802355766
9025-AOMKI,0.7400954514388155
7817-BOQPW,0.73985456905702
6328-ZPBGN,0.7398426948947804
9725-SCPZG,0.7398143487846863
5229-PRWKT,0.7397776205419385
8357-EQXFO,0.7396078901013124
6457-USBER,0.7395450114241594
3606-TWKGI,0.739248332883595
2077-MPJQO,0.7385534017096508
9799-CAYJJ,0.7381292439520254
1618-CFHME,0.7378085365834438
8622-ZLFKO,0.7372812077253115
2485-ITVKB,0.7370513694492188
9334-GWGOW,0.7370364266268835
6358-LYNGM,0.736952013558569
1157-BQCUW,0.736846890199449
1452-VOQCH,0.736531358120629
6683-VLCTZ,0.7363630635109332
4140-MUHUG,0.7363400072688706
6979-ZNSFF,0.7361569291094272
9787-XVQIU,0.736110270868262
5834-ASPWA,0.735794172247171
8086-OVPWV,0.7357024223732158
7156-MHUGY,0.7356894803398255
3096-GKWEB,0.735673825195011
5955-ERIHD,0.7355576548664725
9290-SHCMB,0.7351716987367994
9957-YODKZ,0.7346958476712638
9944-HKVVB,0.7343901545526494
9306-CPCBC,0.7343299038916989
4210-QFJMF,0.7339859109908636
3387-VATUS,0.733982506934764
7206-GZCDC,0.7337775712136088
9878-TNQGW,0.7335072545716316
5299-SJCZT,0.7331271452331709
9402-ORRAH,0.7331086321558142
8375-DKEBR,0.7330354730436497
2636-ALXXZ,0.7330354730436497
8058-INTPH,0.7330325512063378
4581-SSPWD,0.7330123991176086
4871-JTKJF,0.7329293517182116
4090-KPJIP,0.7329264334423717
2495-INZWQ,0.732832326767214
5550-VFRLC,0.7325045983807844
8000-REIQB,0.7322920609672137
1320-HTRDR,0.7321958472910822
1363-TXLSL,0.7320747337423538
1846-XWOQN,0.7318666648702365
4228-ZGYUW,0.7317964438517018
9605-WGJVW,0.731760248947013
5494-HECPR,0.7317573182601065
0318-QUUOB,0.7316461874008205
3006-XIMLN,0.7316401165380377
8051-HJRLT,0.7310145888389982
9809-IMGCQ,0.7309865458152872
2462-XIIJB,0.7306102955224834
7130-VTEWQ,0.7305516544141472
7858-GTZSP,0.7300266296245318
3097-NQYSN,0.7298940736276527
9488-HGMJH,0.729733270588589
6892-EZDTG,0.7297246671474832
3878-AVSOQ,0.7295193443066266
2876-GZYZC,0.7289020531234057
7273-TEFQD,0.7287081756514938
2789-HQBOU,0.7285895549818528
9919-KNPOO,0.7285777293033593
7341-LXCAF,0.7282398703639263
0702-PGIBZ,0.7277749749123857
0637-KVDLV,0.7275258392770034
7932-WPTDS,0.7275090384095891
0822-GAVAP,0.7269424056058046
9124-LHCJQ,0.7268267055367856
1981-INRFU,0.7266910408232083
6941-PMGEP,0.7266043626772567
7074-IEVOJ,0.7262300969431411
5889-LFOLL,0.7260638784200754
5276-KQWHG,0.7255906844002548
4749-OJKQU,0.7255507474015664
0094-OIFMO,0.7250892352331195
0404-SWRVG,0.724970918586011
4529-CKBCL,0.7246201695558413
3091-FYHKI,0.7246054218283873
0325-XBFAC,0.7245458924766185
0841-NULXI,0.7243889696508682
8740-CRYFY,0.7243717706081193
5804-LEPIM,0.7243564551493726
5960-WPXQM,0.7241552046972601
4342-HENTK,0.7238816587250867
0220-EBGCE,0.7238017081259581
6229-LSCKB,0.723513445357635
7760-OYPDY,0.7235079998892332
2514-GINMM,0.7231793556078244
0709-TVGUR,0.7230834655363975
1761-AEZZR,0.7230707964938669
8062-YBDOE,0.7227479534384745
2688-BHGOG,0.7227355088306726
4806-KEXQR,0.7225699924104609
5539-TMZLF,0.7225306003827408
9239-ZBZZV,0.7222624616757352
9300-RENDD,0.7222013786203387
9603-OAIHC,0.721877911858281
5597-GLBUC,0.7218723515849782
1200-TUZHR,0.7218527288812271
7548-SEPYI,0.7216039129508712
5698-BQJOH,0.7214227686390966
1579-KLYDT,0.721113087273826
1678-FYZOW,0.7209888257150476
7969-AULMZ,0.7209886005829075
7439-DKZTW,0.720894107399625
4795-KTRTH,0.72088227391907
7594-RQHXR,0.72081034354236
7249-WBIYX,0.720784804909278
0655-RBDUG,0.7205732111521569
2985-FMWYF,0.7201971237441218
2123-AGEEN,0.7201231984058633
2215-ZAFGX,0.7200587686599988
7209-JCUDS,0.7197788168890564
4112-LUEIZ,0.7196298129374901
5644-PDMZC,0.7194136810494529
5835-BEQEU,0.7192048410723688
8087-LGYHQ,0.718971778982055
3473-XIIIT,0.718922146031875
6168-WFVVF,0.7189117830496076
4514-GFCFI,0.7186402248080441
4929-XIHVW,0.7184594307329464
2691-NZETQ,0.7184431445685157
8644-XLFBW,0.7183810161620775
2018-QKYGT,0.7181792111429417
6357-JJPQT,0.717790454516557
9897-KXHCM,0.7176623947614897
2880-FPNAE,0.7176622886521792
7384-GHBPI,0.7174715402584178
6860-YRJZP,0.7171169229145468
0375-HVGXO,0.7169825502482607
2929-ERCFZ,0.7169656244718563
7180-PISOG,0.7168881417380905
2055-PDADH,0.7168636466000171
4060-LDNLU,0.7167105812373764
8225-BTJAU,0.716564385957265
7294-TMAOP,0.7165062166432506
4234-XTNEA,0.7165020004739601
5797-APWZC,0.7163960668399708
5868-YWPDW,0.7163559922865972
8083-YTZES,0.715943581297594
1768-ZAIFU,0.7157737489584718
2799-ARNLO,0.7156639457773734
9185-TQCVP,0.71554600305071
1450-GALXR,0.7153980328179291
8443-ZRDBZ,0.7152749914705523
7181-BQYBV,0.7151776038287084
8775-ERLNB,0.7149877677455178
7330-WZLNC,0.71485565763033
4021-RQSNY,0.7147444172165619
5378-IKEEG,0.7146663294295489
2657-VPXTA,0.7140646493578133
7363-QTBIW,0.7140542559308656
9689-PTNPG,0.7140423626793727
8752-STIVR,0.7140377500936124
9317-WZPGV,0.7139122610326184
0334-GDDSO,0.713170287770529
4806-HIPDW,0.713054817248667
2202-CUYXZ,0.7127693134507483
0679-IDSTG,0.7126782782612259
1173-XZPYF,0.712569043694426
1704-NRWYE,0.7124376949877349
9837-BMCLM,0.7124334833961572
2027-FECZV,0.7123712877456432
1389-CXMLU,0.7123253221253039
6702-OHFWR,0.7123159800252028
2026-TGDHM,0.7121607619024037
7402-EYFXX,0.7118978615277668
8185-UPYBR,0.7118674062037171
6615-NGGZJ,0.7118450599642266
9094-AZPHK,0.711814916105082
2959-MJHIC,0.7117648249377209
5288-AHOUP,0.7116799300371478
3462-BJQQA,0.7116315118005688
9391-EOYLI,0.7114206286861641
3329-WDIOK,0.7109878810140653
7044-YAACC,0.7109766691558165
6015-VVHHE,0.7104156683961134
5561-NWEVX,0.7101516209967794
6100-QQHEB,0.7094576858158657
3178-FESZO,0.7094064528604203
8168-UQWWF,0.7093476234292032
9223-UCPVT,0.7093125815879585
2982-IHMFT,0.7091962246853201
8780-IXSTS,0.7089444949381383
5956-YHHRX,0.70866143208796
3247-ZVOUO,0.7081372933044634
0122-OAHPZ,0.7080057788067543
8808-ELEHO,0.7079483104837581
0840-DFEZH,0.7077779490218393
2636-OHFMN,0.7074846230177323
6711-FLDFB,0.7073941283468627
1393-IMKZG,0.7073840265091356
8510-AWCXC,0.7070275663765192
4395-PZMSN,0.706997523058143
5382-SOYZL,0.7067756043863436
8372-JUXUI,0.706120200775549
2180-DXNEG,0.7057231362612891
7240-ETPTR,0.7054571473276505
0023-HGHWL,0.7054267871764177
7615-ESMYF,0.7049759473420258
0365-BZUWY,0.7049081947197372
2371-JQHZZ,0.7048563931019731
3398-FSHON,0.7048021524246175
8541-QVFKM,0.7045610560985571
7218-HKQFK,0.7045098553827001
0011-IGKFF,0.7044100487952546
0880-TKATG,0.7042472216914857
7613-LLQFO,0.7041583494497174
5168-MSWXT,0.7040680758738413
4229-CZMLL,0.7039866018975236
7120-RFMVS,0.7034961147444181
6087-MVHJH,0.7027884297992567
5445-UTODQ,0.7022766339206165
2645-QTLMB,0.7021081950342942
3198-VELRD,0.7020933173218485
7079-QRCBC,0.7020215110816532
1447-GIQMR,0.7019698304352086
8835-VSDSE,0.7018490872793423
1628-BIZYP,0.7015881589849967
9253-QXKBE,0.7015372005611862
7321-VGNKU,0.7013682766050439
5919-TMRGD,0.7013596176895694
9728-FTTVZ,0.7012937734335453
7660-HDPJV,0.7012937734335453
6583-KQJLK,0.7011123097678712
2612-RRIDN,0.7010737307786148
9885-CSMWE,0.7009922233164033
0488-GSLFR,0.7006118291856952
0872-NXJYS,0.7005548511058952
7665-TOALD,0.7003843164073502
2516-VQRRV,0.7003642375915152
3372-KWFBM,0.6996258637268088
2454-RPBRZ,0.6995619251683607
0644-OQMDK,0.6995121014883319
3045-XETSH,0.6993653242392965
0328-GRPMV,0.6992452704175564
4702-IOQDC,0.6992452704175564
7508-MYBOG,0.6990192419810035
1640-PLFMP,0.6989030757893656
3244-DCJWY,0.6989030757893656
6653-CBBOM,0.6987889616791149
7493-TPUWZ,0.698657052322942
8242-SOQUO,0.6983861164374209
7503-ZGUZJ,0.6981364351023329
5376-DEQCP,0.698103760676301
1195-OIYEJ,0.6978178714321269
6127-ISGTU,0.6978013555307979
1031-IIDEO,0.6975320846545348
7409-KIUTL,0.6974871563420367
8290-YWKHZ,0.6970860367446168
3199-XGZCY,0.6970749649979912
2845-HSJCY,0.6968712545736152
5052-PNLOS,0.6968445386075945
3677-IYRBF,0.6967902412989938
1977-STDKI,0.6963592902857371
2430-USGXP,0.6962464949255859
3295-YVUSR,0.695968108304179
2612-RANWT,0.6959256241779733
3191-CSNMG,0.695916808461565
3317-HRTNN,0.6958616929225145
9360-OMDZZ,0.6955186345760063
6892-XPFPU,0.6950665857613877
3338-CVVEH,0.6949461464121821
7563-BIUPC,0.6948417815643572
6437-UKHMV,0.6947477774897665
2272-QAGFO,0.6945934981452627
4282-YMKNA,0.6944671790546025
1024-GUALD,0.6944636965556008
7145-FEJWU,0.6943937051381043
6986-IXNDM,0.6942338497844635
5429-LWCMV,0.6942116629069097
4813-HQMGZ,0.693723864659125
8118-LSUEL,0.6934327362088903
9274-CNFMO,0.6928449307029168
9172-ANCRX,0.692773705444862
0684-AOSIH,0.6927594921782254
7638-QVMVY,0.6924863174078921
4482-EWFMI,0.6923947949825945
4285-GYRQC,0.6922085353327165
1960-UYCNN,0.6917510323174763
6689-TCZHQ,0.6917135488709198
5348-CAGXB,0.6912436222577564
6857-VWJDT,0.6912331868206446
9237-HQITU,0.6910449793928753
5995-SNNEW,0.6909919406003946
0345-HKJVM,0.6908744736021007
6356-ELRKD,0.6907992032775588
7235-NXZCP,0.6907713412558718
6210-KBBPI,0.6907351533813398
3716-BDVDB,0.6906475044747931
5349-IECLD,0.6906442571103012
7394-LWLYN,0.6906151618743133
3422-GALYP,0.6901907333838958
3428-XZMAZ,0.6900679775966835
6457-GIRWB,0.6900679775966835
4597-NUCQV,0.6896446549831334
1820-TQVEV,0.6896039257990887
6996-KNSML,0.6896011936560543
3721-CNEYS,0.6895940481686673
6502-MJQAE,0.6894878531670449
7254-IQWOZ,0.6893717566813389
4510-HIMLV,0.6890233241994751
8361-LTMKD,0.6889101180319357
4603-JANFB,0.6889071323964028
5542-TBBWB,0.6887909167883642
9804-ICWBG,0.6887909167883642
5875-YPQFJ,0.6887909167883642
3494-JCHRQ,0.6884421272322303
8065-YKXKD,0.6883533850641587
7511-YMXVQ,0.6882171996761038
7994-UYIVZ,0.6881484558408836
8107-KNCIM,0.6880972481188824
2446-PLQVO,0.6878603361202578
6198-RTPMF,0.6878334287850452
5357-TZHPP,0.6877925942594397
7465-ZZRVX,0.6877439067085954
8648-PFRMP,0.6875177716593549
6507-ZJSUR,0.6873093342533525
3957-LXOLK,0.6871138947859041
7903-CMPEY,0.686991779943572
3030-YDNRM,0.6868035816728977
1219-NNDDO,0.6867830752469423
3797-VTIDR,0.6866079424529593
7314-OXENN,0.6865748516331251
9279-CJEOJ,0.6865721571587058
8875-AKBYH,0.6862906235994473
5883-GTGVD,0.6862519485306201
6000-APYLU,0.6860267389731873
9633-XQABV,0.6850294164578176
3750-CKVKH,0.6848675738628788
4706-AXVKM,0.684822533880174
6734-GMPVK,0.6848019329223862
3217-FZDMN,0.6845548187121991
7568-PODML,0.6845131895511309
1980-KXVPM,0.6843679950531502
1569-TTNYJ,0.684248562832179
7379-POKDZ,0.6841739847100646
7245-NIIWQ,0.6841079714027499
2408-WITXK,0.6838544121050764
7394-FKDNK,0.6834338729868438
0018-NYROU,0.6834022132423826
4853-OITSN,0.6830514922601786
6077-BDPXA,0.6830282335861222
3746-EUBYR,0.6829187035560471
2074-GKOWZ,0.6824569664844701
1567-DSCIC,0.6822382342191468
2057-ZBLPD,0.6821259709485441
5244-IRFIH,0.6819479333810124
7354-OIJLX,0.6819416131421605
8519-IMDHU,0.6819072496774142
2897-DOVND,0.6818243555111905
3317-VLGQT,0.6808205421543998
5159-YFPKQ,0.6808049984412424
9717-QEBGU,0.6804468270192583
7029-RPUAV,0.6802620651712529
4631-OACRM,0.6797294326545151
7938-OUHIO,0.6796754548519452
3106-ULWFW,0.679306683810403
7392-YYPYJ,0.6789185870888225
6786-OBWQR,0.6788856388814428
9507-EXLTT,0.6785453182781954
5928-QLDHB,0.678442947516988
4143-OOBWZ,0.67834909330478
3834-XUIFC,0.6783050998062814
3841-CONLJ,0.6782618943114815
9685-WKZGT,0.6782315725518341
1024-VRZHF,0.6780141331966946
5134-IKDAY,0.6773267279821128
2840-XANRC,0.6773261215711932
6372-RFVNS,0.6772957513152409
0928-JMXNP,0.6770393484979419
2737-YNGYW,0.6770248251633859
9330-IJWIO,0.6769699188511288
9314-IJWSQ,0.6769363934927316
4884-ZTHVF,0.676818393010885
6960-HVYXR,0.6764842224907998
4298-OYIFC,0.6764264189182514
8800-JOOCF,0.6761920469211985
9102-IAYHT,0.6758466467010429
1184-PJVDB,0.6756846868217287
9408-SSNVZ,0.675582909205102
3292-PBZEJ,0.6751717493253286
0495-ZBNGW,0.67504070291556
2761-OCIAX,0.6749897897038859
8183-ONMXC,0.6749594677312719
6326-MTTXK,0.6747916850295836
4735-ASGMA,0.6747755074634321
7625-XCQRH,0.6744301612642525
0480-BIXDE,0.6743540616741205
5293-WXJAK,0.6742469898220959
5393-RXQSZ,0.6736233917718707
3276-HDUEG,0.6734932349363135
2754-SDJRD,0.6734910420310124
1226-IENZN,0.6730656476361301
1334-FJSVR,0.6729467785709706
1285-OKIPP,0.6729077401204189
0871-URUWO,0.6726901649701961
7005-CCBKV,0.6726202224600593
7365-BVCJH,0.6725886724451021
7831-QGOXH,0.6725216138693788
5299-RULOA,0.6719718647622978
2867-UIMSS,0.6714740225036782
1016-DJTSV,0.6712187098132905
2672-DZUOY,0.6707951310504807
3999-QGRJH,0.6704444699206573
0306-JAELE,0.6703181603883077
5419-CONWX,0.669893723933121
8861-HGGKB,0.6696468121189391
6416-TVAIH,0.6691201816231455
5095-AESKG,0.6691018627890344
0168-XZKBB,0.6687532130966644
0928-XUTSN,0.6682443989226389
2472-OVKUP,0.6681531112916206
9846-GKXAS,0.6680757379976517
0390-DCFDQ,0.6679694588891005
3629-ZNKXA,0.6679584549614138
5609-CEBID,0.6676011275406413
2754-VDLTR,0.6675694594710464
1731-TVIUK,0.667301555440444
2777-PHDEI,0.6671704834968825
3318-OSATS,0.6668680417097347
8699-ASUFO,0.6664472762102631
1254-IZEYF,0.6663124054051247
9992-RRAMN,0.6661663283882345
8625-AZYZY,0.6660174177187547
8063-GBATB,0.6657680575979922
4550-EVXNY,0.665755649928705
2107-FBPTK,0.6656618833898621
1853-UDXBW,0.665508980424658
6856-RAURS,0.665450156748451
5275-SQEIZ,0.6653277187161838
3001-UNBTL,0.6652574327566926
5685-IIXLY,0.6651460835827896
6543-XRMYR,0.66509968604646
0722-SVSFK,0.6647403917790273
6851-WEFYX,0.6647390198962395
4633-MKHYU,0.6647242878516771
0508-OOLTO,0.664706104455053
0925-VYDLG,0.664370048701735
4132-KALRO,0.6642184023170196
6618-RYATB,0.6641469173132797
1251-STYSZ,0.664119633835708
1268-ASBGA,0.6640964847460842
3707-GNWHM,0.6640288105734179
9019-QVLZD,0.6635487030007858
8313-NDOIA,0.6635470419759391
3370-HXOPH,0.6632748073475714
1078-TDCRN,0.6632579441319957
2984-AFWNC,0.6631823686705637
2665-NPTGL,0.6631659082826895
3422-LYEPQ,0.6630906616739808
6712-OAWRH,0.6630635196017669
5167-ZFFMM,0.6622007607287944
2568-BRGYX,0.6621083625046775
4815-GBTCD,0.6618616402802273
7206-PQBBZ,0.661772519662239
0455-XFASS,0.6616626183379316
4123-DVHPH,0.6615235755768839
9850-OWRHQ,0.6613652388978424
0329-GTIAJ,0.6613082473243164
3990-QYKBE,0.6613058719804477
0746-JTRFU,0.6606450418046543
5442-UTCVD,0.6604634405166807
9208-OLGAQ,0.660430674975501
5628-FCGYG,0.6601529560109287
6424-ELEYH,0.6598405459620906
3254-YRILK,0.6596098354670448
6275-YDUVO,0.658878229071427
2952-QAYZF,0.6584635658227385
5570-PTWEH,0.6580021493790542
1602-IJQQE,0.6579005643050898
6899-PPEEA,0.6575880765504448
4612-SSVHJ,0.6575753529455819
2809-ZMYOQ,0.6575229259983301
3765-JXVKY,0.6571537052680856
0004-TLHLJ,0.6571536467405565
3585-ISXZP,0.6570137161358668
1740-CSDJP,0.65684808639588
3427-GGZZI,0.6566051204029164
2058-DCJBE,0.6563769848527061
6047-YHPVI,0.6559950276792773
8017-LXHFA,0.6559587522896942
0420-HLGXF,0.6558811508547647
6215-NQCPY,0.6558324458164574
4445-ZJNMU,0.6556772664723515
5228-EXCET,0.6556682432279524
3346-BRMIS,0.6556360730605628
8309-IEYJD,0.6554988507649336
3049-NDXFL,0.6553832559360538
8413-VONUO,0.655294247347122
4958-XCBDQ,0.6549555936545237
2260-USTRB,0.6549307341708646
5119-NZPTV,0.6548454853382694
8111-RKSPX,0.6547096277900553
5196-SGOAK,0.6547063210040367
5186-SAMNZ,0.6546287803780156
6060-DRTNL,0.6544239474269676
6877-TJMBR,0.6542772723209913
7028-DVOIQ,0.6542333589394105
2398-YPMUR,0.6537241728305833
4385-GZQXV,0.6536566175949939
5564-NEMQO,0.6535217608422995
0685-MLYYM,0.653472470591048
7823-JSOAG,0.6530802725383933
3871-IKPYH,0.6529652352236963
5027-QPKTE,0.6527183306459107
3453-RTHJQ,0.6526805903125739
7854-FOKSF,0.6526126901227509
6407-UTSLV,0.6524924074630469
3393-FMZPV,0.652238594162363
3565-UNOCC,0.6521528995111077
1965-AKTSX,0.6521147119257179
6116-RFVHN,0.6520364456493702
8945-GRKHX,0.6517607530614004
5216-WASFJ,0.651449773752243
7890-VYYWG,0.6509706418882694
7590-VHVEG,0.6509279475541827
5261-QSHQM,0.6505383500579176
3663-MITLP,0.6504406134546626
8943-URTMR,0.6501342612164325
9250-WYPLL,0.6497536501268287
4598-XLKNJ,0.6495640533239992
2276-YDAVZ,0.649452706342978
8380-PEFPE,0.6492990118360157
1448-PWKYE,0.6490430030883015
8734-DKSTZ,0.6490391266793413
6198-ZFIOJ,0.6488850242617794
4585-HETAI,0.6482358799381281
5117-IFGPS,0.6482339833592023
6331-EWIEB,0.6476522497902474
5673-FSSMF,0.6475424370977862
2379-ENZGV,0.6474924386557345
3753-TSEMP,0.6470429032527352
6029-WTIPC,0.6467852628648879
4274-OWWYO,0.6463489075998335
6221-AVQYL,0.6458561269383989
2845-AFFTX,0.6458122708799492
8397-MVTAZ,0.6456904492746725
2969-QWUBZ,0.6452019048708245
7198-GLXTC,0.644914062950861
7861-UVUFT,0.6447839853457111
0616-ATFGB,0.6447196602804595
5940-NFXKV,0.6447040408965061
4291-SHSBH,0.6445616635212297
1867-BDVFH,0.6443488509411562
9912-GVSEQ,0.64433590312685
3138-BKYAV,0.6439426409452736
6393-WRYZE,0.6438402204499213
8325-QRPZR,0.6438067365153207
9921-ZVRHG,0.6437689087458258
0612-RTZZA,0.6436065751872487
7693-LCKZL,0.6434387097597868
3874-EQOEP,0.6434221396104437
4566-NECEV,0.6430661857786485
9647-ERGBE,0.6430492243509224
7780-OTDSO,0.6424837832478096
5366-IJEQJ,0.6421689443392717
1112-CUNAO,0.6412650057815005
1309-BXVOQ,0.6411416969089524
8922-LIEGH,0.6408182510972635
3908-BLSYF,0.6405241338468305
5519-YLDGW,0.6401239118382207
1342-JPNKI,0.6398842577216544
0742-NXBGR,0.6398748163118033
6110-OHIHY,0.6397655001262034
8714-CTZJW,0.6394027578840934
2568-OIADY,0.6393499390256696
6705-LXORM,0.6391931921089501
7517-LDMPS,0.63850327181525
1508-DFXCU,0.6381956012301248
7802-EFKNY,0.6380046539961843
4301-VVZKA,0.6380016263516601
2357-COQEK,0.6378555849158988
7479-NITWS,0.6376568979096554
7912-SYRQT,0.6373013435254716
4770-UEZOX,0.6372193057879723
4854-CIDCF,0.6370801921310234
1496-GGSUK,0.6369698619361741
5569-KGJHX,0.6367400115223415
0661-XEYAN,0.6367190632377561
2038-OEQZH,0.6361344595738593
6435-SRWBJ,0.6361202026127746
9514-JDSKI,0.6360707432055298
3074-GQWYX,0.635992005150202
2862-PFNIK,0.6357876213754897
1636-NTNCO,0.6357432176757334
6772-KSATR,0.6354967488663352
0302-JOIVN,0.635428917876034
5729-KLZAR,0.6351388317033899
8873-GLDMH,0.6349473694427387
1465-VINDH,0.6349423815234818
0939-YAPAF,0.6349007746531552
4873-ILOLJ,0.6348843531428299
1891-UAWWU,0.6344212088693455
7242-QZLXF,0.6342796274112221
3951-NJCVI,0.6342647514729729
5482-PLVPE,0.6341546452004488
7908-QCBCA,0.6340085011851202
4441-NIHPT,0.6338202273795688
4283-FUTGF,0.633108253709388
8008-HAWED,0.6330888525777085
5701-YVSVF,0.6330525134720779
9399-APLBT,0.6330187888235216
0235-KGSLC,0.6328430006285582
8821-XNHVZ,0.632822473770128
6376-GAHQE,0.6325860875227926
2575-GFSOE,0.6325281294810469
0689-NKYLF,0.6323309108037563
1866-RZZQS,0.6321094245266666
8010-EZLOU,0.6320217000188193
9121-PHQSR,0.631998901122517
0875-CABNR,0.6315085094630698
6319-IEJWJ,0.6313121369633415
6918-UMQCG,0.6312461324402853
3223-WZWJM,0.6312115331386359
8266-VBFQL,0.631197652097089
5976-JCJRH,0.6310646869206362
2254-DLXRI,0.6309695937469612
0749-IRGQE,0.6308859282408954
1641-RQDAY,0.6304878443449381
1475-VWVDO,0.6302386584249555
0396-YCHWO,0.6299379963197754
8868-WOZGU,0.6291965146279626
8650-RHRKE,0.6290204022612915
8035-PWSEV,0.6290123807803827
1689-YQBYY,0.6289892399947141
2856-HYAPG,0.6288838961071321
3488-PGMQJ,0.6287614050939607
0793-TWELN,0.6286874449314532
1666-JXLKU,0.6286698734279081
4039-HEUNW,0.6286269278365919
9734-YWGEX,0.6285043673882398
0137-OCGAB,0.6283143611937142
4817-VYYWS,0.6281743288908259
4822-YCXMX,0.6276659224978399
2685-SREOM,0.6275765510575996
3420-YJLQT,0.6274352306202786
2439-LYPMQ,0.6273269441726415
9606-PBKBQ,0.6269206867988891
3223-DWFIO,0.6266906400959364
6379-RXJRQ,0.6262266909744074
0524-IAVZO,0.6262043851040707
5934-RMPOV,0.6261957940807494
5583-SXDAG,0.626090034408388
9903-LYSAB,0.6257731797008225
2081-VEYEH,0.6255965182313358
7801-KICAO,0.6252591218988455
2262-SLNVK,0.6252066763608787
8111-SLLHI,0.6251542806063747
8485-GJCDN,0.6247175268506722
1196-AMORA,0.62425717799001
1915-IOFGU,0.6241897021500556
3143-JQEGI,0.6240936408471428
0576-WNXXC,0.623785150523033
5949-XIKAE,0.6230523032351889
9547-ITEFG,0.6230133677271248
2860-RANUS,0.6229483467099423
4572-DVCGN,0.622885328834392
7326-RIGQZ,0.6226714450876556
5233-GEEAX,0.622127733877632
8999-BOHSE,0.6221149921915737
3177-LASXD,0.6220250017262026
6339-YPSAH,0.6215798686098294
8270-RKSAP,0.6213587389845705
5219-YIPTK,0.6213293284567085
5480-HPRRX,0.6210832737014701
3296-SILRA,0.6204138076998673
3066-RRJIO,0.6199646504252115
2114-MGINA,0.6198947200145407
7892-POOKP,0.6196140258779181
2619-WFQWU,0.6194535185054618
9985-MWVIX,0.6194535185054618
9874-QLCLH,0.6194414151466692
2482-CZGBB,0.6192967073528339
8337-MSSXB,0.6191771559319141
6030-REHUX,0.6188253301177035
2013-SGDXK,0.6187984652256965
5937-EORGB,0.6186289123025451
6993-OHLXR,0.6184980823962554
7928-VJYAB,0.6184537248273192
3411-WLRSQ,0.6184115504073443
7538-GWHML,0.6184098490872187
5032-MIYKT,0.618046542769836
3904-UKFRE,0.617867586321692
0968-GSIKN,0.6177905153812138
1754-GKYPY,0.6174610354638516
1028-FFNJK,0.6173705898762373
5669-SRAIP,0.6168435250259711
8263-JQAIK,0.616632889265979
2504-DSHIH,0.6165473497869347
5271-DBYSJ,0.6164437318387802
5442-BHQNG,0.6161609485879196
8066-POXGX,0.6159964346620026
5947-SGKCL,0.6152173890288455
4277-PVRAN,0.6151582645265059
6595-YGXIT,0.615084847523708
9696-RMYBA,0.6147965714555884
3748-FVMZZ,0.6146175551159392
5399-ZIMKF,0.6145995693162145
4971-PUYQO,0.614522014035011
9741-YLNTD,0.6140557911813841
0225-ZORZP,0.6136840545338272
3877-JRJIP,0.6136520491760504
9576-ANLXO,0.613560642730006
3001-CBHLQ,0.613543968069947
7153-OANIO,0.613472311574489
9940-RHLFB,0.6134692849214346
7714-YXSMB,0.6134282078090414
3797-FKOGQ,0.6132058879819776
6400-BWQKW,0.6131690202451787
9524-EGPJC,0.6131673042061079
4559-UWIHT,0.6129613275871121
4124-MMETB,0.6129131149440988
5043-TRZWM,0.6128262279674545
1771-OADNZ,0.6127117538499917
4505-EXZHB,0.6126610387487961
6005-OBZPH,0.6125657287399215
1907-UBQFC,0.6124408587757046
8709-KRDVL,0.6124206526491284
2774-LVQUS,0.6124037580623827
4759-TRPLW,0.6123145289669206
8443-WVPSS,0.6122072005413883
1077-HUUJM,0.612100702242811
4822-NGOCH,0.6120542087968447
2905-KFQUV,0.6118533424344261
9444-JTXHZ,0.6117908489706744
0148-DCDOS,0.6117512229414097
6496-JDSSB,0.6116322127756444
9095-HFAFX,0.611582379640015
3855-ONCAR,0.6115459071764789
7495-OOKFY,0.6114496831629272
3597-MVHJT,0.611232541871404
6833-JMZYP,0.6108140879239532
2754-XBHTB,0.6107987703824355
6910-HADCM,0.6107658111843828
0432-CAJZV,0.6105162897495257
1792-UXAFY,0.6104587644698988
2815-CPTUL,0.6103466655175294
6242-MBHPK,0.6100739689651732
3420-ZDBMA,0.6099271004789479
0013-EXCHZ,0.6096880334047727
2024-BASKD,0.6095863617736272
9355-NPPFS,0.6093774324217532
0947-IDHRQ,0.6088432107354642
5138-WVKYJ,0.6086645143014361
8634-MPHTR,0.6086363134175053
4636-QRJKY,0.6084008295329092
5318-IXUZF,0.6076904971003174
1302-UHBDD,0.6076874448113574
0027-KWYKW,0.6076868310169055
9227-LUNBG,0.607580069048621
1766-GKNMI,0.6072724520644781
9961-JBNMK,0.6071468087254418
8739-WWKDU,0.6070287646786002
5760-IFJOZ,0.6065707357585371
5054-IEXZT,0.6065059063677793
5931-FLJJF,0.6064653421552973
1379-FRVEB,0.6064078793628419
3050-GBUSH,0.6062670264486896
4433-JCGCG,0.6061218471827604
9617-INGJY,0.6060997518636636
9050-IKDZA,0.606078012588247
2369-UAPKZ,0.6060683054406502
0411-EZJZE,0.6059408984710376
4195-NZGTA,0.6058981897320934
3801-HMYNL,0.605776935102799
5599-HVLTW,0.6057424222808445
2674-MIAHT,0.6053105462483002
0923-PNFUB,0.6050380261871199
4521-YEEHE,0.6049136271938911
8481-YYXWG,0.6048025103829663
5879-SESNB,0.6046854598262928
7176-WIONM,0.6045471240927319
5405-ZMYXQ,0.6045051761660056
3538-WZPHD,0.6042530850374563
8042-JVNFH,0.6041563464931221
2656-FMOKZ,0.6041250983339564
1104-TNLZA,0.6040795797288598
3249-ZPQRG,0.6040783338081177
5989-PGKJB,0.6038251425900348
1751-NCDLI,0.6038032039473077
0125-LZQXK,0.6036970683614084
3669-LVWZB,0.6036534975874535
6140-QNRQQ,0.6036375461969444
7315-WYOAW,0.6035471179875154
0330-IVZHA,0.6035018720598245
9367-WXLCH,0.603275180328467
7598-UAASY,0.6032116244288079
5652-MSDEY,0.6032034055423148
9172-JITSM,0.6031275332102758
3672-YITQD,0.6026641953475907
4583-PARNH,0.6023450767048063
0388-EOPEX,0.6019845357490342
2025-JKFWI,0.6016739757603313
3640-PHQXK,0.6014320597411933
0258-NOKBL,0.6013882685150661
4480-QQRHC,0.6013103231559582
0231-LXVAP,0.6011834895092484
4367-NHWMM,0.6010788118264977
9436-ZBZCT,0.6010782410286466
4439-JMPMT,0.6007607967509815
1571-SAVHK,0.6006906037763504
3496-LFSZU,0.6005816977227328
6032-IGALN,0.6005586448095703
7537-RBWEA,0.6004285675535537
5167-GBFRE,0.6003528062098715
8224-DWCKX,0.6002454488807285
3376-BMGFE,0.600186090736002
2154-KVJFF,0.6000245413774844
0581-BXBUB,0.5998376640477193
9054-FOWNV,0.5994668939355026
4763-PGDPO,0.599278319750827
9494-MRNYX,0.5991174839952009
2959-FENLU,0.5989769783563617
0506-LVNGN,0.5988368204290712
0115-TFERT,0.5986781134230497
2187-PKZAY,0.5986258481573344
3644-QXEHN,0.5983156514403035
7284-BUYEC,0.5982041375704773
5590-BYNII,0.5978532711758097
9190-MFJLN,0.5975715303144529
6347-DCUIK,0.5975643830109043
6877-LGWXO,0.5973506223787969
2034-CGRHZ,0.5973415440374507
0135-NMXAP,0.5972380986306229
1086-LXKFY,0.5970454661758342
1658-TJVOA,0.5966641863290397
6137-NICCO,0.5964631018419648
9415-DPEWS,0.5963974604136114
1010-DIAUQ,0.5962606289401923
5980-NOPLP,0.5960008368438511
4236-UJPWO,0.5959917259111523
8621-MNIHH,0.5956328762960649
0196-JTUQI,0.5954564112049702
0023-XUOPT,0.5954091318727975
8132-YPVBX,0.5953356130066603
4647-MUZON,0.5952516802052239
6907-NZZIJ,0.5952303156843864
7470-MCQTK,0.5952237059089108
3703-KBKZP,0.5950427968218821
6338-AVWCY,0.5949558773220905
0674-DGMAQ,0.5947990176548879
2249-YPRNG,0.5946728721081584
0529-ONKER,0.5943868114423561
6267-DCFFZ,0.5940992974234683
2800-VEQXM,0.5938705518163152
6432-TWQLB,0.5931700956531528
8182-BJDSI,0.5928191414879366
9866-QEVEE,0.592495945884463
9840-DVNDC,0.5923653027226183
9506-UXUSK,0.5922780379077556
4059-IIEBK,0.5922553310569606
6692-UDPJC,0.592136939685455
4998-IKFSE,0.5920495679130677
7072-MBHEV,0.5919872368849508
7534-BFESC,0.5919230141889141
5044-LRQAQ,0.5918211926875524
4983-CCWMC,0.5915478796960953
6032-KRXXO,0.5915313830186169
3063-QFSZL,0.5914177849877447
4629-NRXKX,0.5913599249540498
9822-OAOVB,0.5912867568393625
1513-XNPPH,0.5912360151594289
0611-DFXKO,0.5908890481626792
2080-CAZNM,0.5907227413333477
0848-ZGQIJ,0.5907217391751654
4029-HPFVY,0.5905817632543349
5520-FVEWJ,0.5901033039063607
6680-WKXRZ,0.590087963447943
4412-YLTKF,0.5900605578909854
5215-LNLDJ,0.589982516381828
8374-XGEJJ,0.5899029484058647
9136-ALYBR,0.5898727954285409
6086-ESGRL,0.5894776770436705
5909-ECHUI,0.5891885541372242
0491-KAPQG,0.5890964947385778
3992-YWPKO,0.5889741205147554
9560-ARGQJ,0.5885476552226018
7142-HVGBG,0.5879410792141204
2397-BRLOM,0.5874188194092357
6088-BXMRG,0.5873951249695706
5380-WJKOV,0.5873319801690449
3550-SAHFP,0.5870441315071664
0315-LVCRK,0.5869331836850256
5832-XKAES,0.5867208678426066
7881-EVUAD,0.5867124432311692
0727-IWKVK,0.5866557637685832
0248-IPDFW,0.5865943462891032
8784-CGILN,0.5865327908587519
4009-ALQFH,0.5862413815466085
4325-NFSKC,0.5850663099030007
2082-OJVTK,0.5847617376443806
3440-JPSCL,0.5843152560640298
4450-DLLMH,0.5843013464920505
5712-PTIWW,0.5840775360047974
8063-RJYNF,0.5830470371307792
3751-KTZEL,0.5830310596090331
7748-UMTRK,0.5829797227111019
4030-VPZBD,0.5827821221514233
1062-LHZOD,0.5825114170752189
4686-UXDML,0.5824886926939844
0378-TOVMS,0.5823811756943295
2984-MIIZL,0.5823177555912892
4290-BSXUX,0.5822567499149818
0147-ESWWR,0.5820978119785829
9692-TUSXH,0.5818052541376918
2325-NBPZG,0.5816805580342154
3588-WSTTJ,0.5813521861438359
8844-TONUD,0.581339388150141
8993-PHFWD,0.5813330482079446
2608-BHKFN,0.5807821329521129
1122-JWTJW,0.580532175974065
8949-JTMAY,0.5804953723037356
0447-RXSGD,0.5804695459521236
5899-MQZZL,0.5804357664131506
2135-DQWAQ,0.580353480388339
9779-DPNEJ,0.580222640100749
2824-MYYBN,0.5800259057366044
3583-EKAPL,0.5799978758266495
9840-EFJQB,0.5799168961016693
4373-MAVJG,0.579765697704552
5605-IYGFG,0.5796275742259805
5666-CYCYZ,0.5794800454327048
4299-SIMNS,0.5794667887536098
2460-NGXBJ,0.5794004998520174
5501-TVMGM,0.5793373176454498
4581-LNWUM,0.5793355116850613
2079-FBMZK,0.5792730349169457
9734-UYXQI,0.5789221685848319
3070-DVEYC,0.5789221625079531
5908-QMGOE,0.5789100892146235
1989-PRJHP,0.5788663416690649
9191-MYQKX,0.5787130782159479
1335-NTIUC,0.5782281833668983
9050-QLROH,0.578200658400366
5959-BELXA,0.5775319584556926
3398-ZOUAA,0.5773818219887882
0812-WUPTB,0.577196761339915
4919-IKATY,0.5771732083502753
5339-PXDVH,0.5769413242193275
8708-XPXHZ,0.5769311857162994
8118-TJAFG,0.5768787801645323
2761-XECQW,0.5766949196626308
9133-AYJZG,0.5766604897379187
6956-SMUCM,0.5765678862638013
5091-HFAZW,0.5764826510945853
8433-WXGNA,0.5764756830525783
7595-EUIVN,0.576081543015254
7571-YXDAD,0.5760566663165855
0921-OHLVP,0.5758838646087119
4881-JVQOD,0.5758196924231234
7295-JOMMD,0.575583055730083
2868-SNELZ,0.5755601306062487
5923-GXUOC,0.5752570376211348
9572-WUKSB,0.5749034325069132
8818-DOPVL,0.5745521541615216
4484-CGXFK,0.5745358796846921
1894-IGFSG,0.5744320244422384
9796-BPKIW,0.5743695558240767
5533-NHFRF,0.574137042625064
6923-JHPMP,0.5740036813296661
2740-TVLFN,0.5739436076860694
0601-WZHJF,0.5736643895644684
9600-UDOPK,0.5735174462816872
3365-SAIGS,0.5732294041819879
8160-HOWOX,0.5731808238034337
7767-UXAGJ,0.5731478865205962
1730-ZMAME,0.5730639733562694
6715-OFDBP,0.572841116496488
4652-NNHNY,0.5723266870929025
7278-CKDNC,0.5718793341747807
2041-JIJCI,0.5718555278189247
4803-AXVYP,0.5718211770210959
7137-RYLPP,0.5717998579351006
0886-QGENL,0.5713926674506699
9801-GDWGV,0.5713865146748046
3336-JORSO,0.5713851671435487
8617-ENBDS,0.5713696658038516
4289-DTDKW,0.5711058064637711
4910-AQFFX,0.5710288975383118
2592-SEIFQ,0.5707142505077998
6900-PXRMS,0.5707064692815095
9743-DQKQW,0.5706791829919395
0378-NHQXU,0.5703793531906068
8436-BJUMM,0.5703153611366173
8104-OSKWT,0.5702382635274227
4716-HHKQH,0.5700333635622753
0674-EYYZV,0.5696804606143818
2920-RNCEZ,0.5696034456587433
6502-HCJTI,0.5694907297593853
0958-YHXGP,0.5694877392217785
1932-UEDCX,0.5694065847103307
0434-CSFON,0.5693306688733746
4547-KQRTM,0.5692968416864851
3858-VOBET,0.5692921879879074
7703-ZEKEF,0.5691957451389169
0093-EXYQL,0.5690663062077718
7426-RHZGU,0.5689232873720468
0219-YTZUE,0.5687717372131406
3003-CMDUU,0.5686502169380673
5692-ICXLW,0.5685765870341746
8854-CCVSQ,0.5685580728975551
0337-CNPZE,0.568388015620048
9947-OTFQU,0.5680226190261153
6637-KYRCV,0.5678548965135185
0899-LIIBW,0.5678443814446068
0515-YPMCW,0.5678384586480739
8637-XJIVR,0.5672674922187833
5650-VDUDS,0.5672058191517619
2739-CACDQ,0.5667821376848234
8676-TRMJS,0.5667648173387169
0637-YLETY,0.5667417471767989
6645-MXQJT,0.5666842996350195
5655-JSMZM,0.566463009317044
9167-APMXZ,0.5660962416159424
0112-QAWRZ,0.5660463845955955
3884-HCSWG,0.5659272273042922
4547-LYTDD,0.5656369873711782
1428-GTBJJ,0.5650358946815263
4183-MYFRB,0.5644521901611762
9638-JIQYA,0.5640576779768312
2933-FILNV,0.5640572345884808
2582-FFFZR,0.5639394072714273
0654-HMSHN,0.5638150345719342
6175-IRFIT,0.563675640510816
6551-GNYDG,0.563504701315684
5144-TVGLP,0.5633101242467661
1271-SJBGZ,0.5631557733108818
2424-WVHPL,0.5627579305476561
7270-BDIOA,0.5627447173332346
7240-FQLHE,0.5624549220732932
6581-NQCBA,0.5624397354223372
5960-MVTUK,0.5623759866899287
0650-BWOZN,0.5622857583546758
1236-WFCDV,0.5614686733918931
9894-EZEWG,0.5613696342283488
8990-ZXLSU,0.5613227488637418
6103-BOCOU,0.5612898968373996
9129-UXERG,0.5612661637978917
7480-QNVZJ,0.5611733601350887
8937-RDTHP,0.5611641599273232
1262-OPMFY,0.5610887882109267
0224-RLWWD,0.5599898507103959
6330-JKLPC,0.5597526223906962
3211-AAPKX,0.559694722755902
2528-HFYZX,0.5596763090299326
4257-GAESD,0.5596750226852992
1918-ZBFQJ,0.5595733087828407
7321-PKUYW,0.5594718767841917
4919-MOAVT,0.559201467879664
9907-SWKKF,0.5590447917881736
6821-BUXUX,0.5590118452848148
7924-GJZFI,0.5588998505477218
0620-DLSLK,0.5588042921324069
7853-OETYL,0.558791465284726
6243-OZGFH,0.5585560443360724
4423-YLHDV,0.5582982743315923
8630-FJLIB,0.5582787935483275
8120-JDCAM,0.5578102367930461
3269-ATYWD,0.5575968674397972
2080-GKCWQ,0.5575241284620588
3627-FCRDW,0.5574863285942488
8685-WHQPW,0.5566944554984853
1769-GRUIK,0.5565885833272818
4077-CROMM,0.5560642507453574
4729-XKASR,0.5559117523268365
9432-VOFYX,0.5555703255343917
3956-MGXOG,0.5552245799875014
2373-NTKOD,0.5548018516506789
6235-VDHOM,0.5547220761448914
0439-IFYUN,0.5544552971582197
2919-HBCJO,0.5539702722900816
4902-OHLSK,0.5536075344184306
6518-LGAOV,0.5532216389732498
9851-QXEEQ,0.5531326814565858
9773-PEQBZ,0.5518990586447461
0940-OUQEC,0.5518378005102998
3744-ZRRDZ,0.551482248189736
5442-XSDCW,0.551475068311119
5119-KEPFY,0.5513616698137301
0362-ZBZWJ,0.5513071663501394
5569-OUICF,0.55098640464642
2091-RFFBA,0.5509016074302837
7422-WNBTY,0.5508562729803073
2309-OSFEU,0.5505774451314942
2362-IBOOY,0.5504879084085109
2983-ZANRP,0.5504524644620581
8276-MQBYC,0.5502107727854314
1583-IHQZE,0.5499863206245534
0311-UNPFF,0.5499253929052591
9093-FPDLG,0.5499086393735341
7379-FNIUJ,0.5498995307980029
0988-JRWWP,0.5495684868555091
6994-KERXL,0.549543970986139
8714-EUHJO,0.5491835037611186
4013-UBXWQ,0.5491682506830536
7089-IVVAZ,0.5490665216861866
8645-KWHJO,0.5489552105126505
1092-GANHU,0.5487915607269692
4501-EQDRN,0.5487777571439717
3966-HRMZA,0.5486739185085008
3916-NRPAP,0.548623818515699
5842-POCOP,0.5485217656584737
8393-DLHGA,0.5484196566972318
0876-WDUUZ,0.548343820391039
9601-BRXPO,0.5481848358544789
8417-FMLZI,0.5480523187367525
3754-DXMRT,0.5479441452357479
5899-OUVKV,0.5471954661714739
3536-IQCTX,0.547173110104868
3315-TOTBP,0.5470430288076635
7318-EIVKO,0.5469983168893381
7892-QVYKW,0.5468134675807502
6834-NXDCA,0.546745055933945
6352-TWCAU,0.546711019590828
4816-JBHOV,0.5465025613288114
9540-JYROE,0.5463864834823534
6101-IMRMM,0.5462179297926135
9600-NAXZN,0.5460837561171987
4369-HTUIF,0.5454072694380968
1580-BMCMR,0.5451775572144727
7895-VONWT,0.5449368270017311
6599-SFQVE,0.544467430106052
5087-SUURX,0.5443919759640922
5233-AOZUF,0.5442711932131822
4817-QRJSX,0.5440772500892139
4659-NZRUF,0.5437334052714682
3647-GMGDH,0.54347991903025
8189-XRIKE,0.5431019451917642
9625-QSTYE,0.5428226121892483
7410-YTJIK,0.5426596156567511
0947-MUGVO,0.5425798426722225
9058-MJLZC,0.5423417698266748
3384-CTMSF,0.5422765820925104
8356-WUAOJ,0.5422402873005893
6652-YFFJO,0.5420424758112383
4704-ERYFC,0.5419336680830774
3799-ISUZQ,0.541749447435329
0771-WLCLA,0.5417023459432936
2603-HVKCG,0.5416919471586009
6818-DJXAA,0.541533248529758
0265-EDXBD,0.541208374039211
1212-GLHMD,0.5411260485253125
3235-ETOOB,0.5408187219547018
2832-KJCRD,0.5408007227884909
1723-HKXJQ,0.5405181461728085
5449-FIBXJ,0.5404948625132107
4110-PFEUZ,0.5403463215528865
6166-ILMNY,0.5402138651583273
9747-DDZOS,0.5401947798395442
4512-ZUIYL,0.5401392233612511
3771-PZOBW,0.539935064279622
7855-DIWPO,0.5396167951812002
4818-QIUFN,0.5389496728615087
2187-LZGPL,0.5388919954608657
5022-KVDQT,0.5388683040850344
8981-FJGLA,0.5387623623890759
5649-ANRML,0.538591399301035
1597-LHYNC,0.538412422466228
5183-SNMJQ,0.5383214465133367
4536-PLEQY,0.5382180065921272
6260-ONULR,0.537967781309037
7786-WBJYI,0.5379240150035163
3755-JBMNH,0.5377242407742874
2252-ISRNH,0.5377008403460845
0519-XUZJU,0.5371125794963604
6298-QDFNH,0.5370405782985352
9658-WYUFB,0.5368884439603074
0151-ONTOV,0.5367081364918723
4391-RESHN,0.5363772108492196
4546-FOKWR,0.5362999702501585
8040-MNRTF,0.536168804106962
0511-JTEOY,0.536168804106962
5922-ABDVO,0.5361644599170089
0114-PEGZZ,0.5356775497940952
8903-WMRNW,0.5354653814393375
5364-EVNIB,0.5353216977931329
1307-ATKGB,0.5350993539566923
4587-NUKOX,0.5348366338409002
8445-DNBAE,0.5348205087747528
8938-UMKPI,0.5347206107784632
4360-PNRQB,0.5345633336841156
6365-MTGZX,0.5342937869530878
3196-NVXLZ,0.5338302074820243
0772-GYEQQ,0.5337088277423484
8429-XIBUM,0.5335569325530097
7056-IMHCC,0.5335341558563181
9026-LHEVG,0.5330823611166413
5914-DVBWJ,0.5328583011113714
4816-LXZYW,0.5326081175145065
5143-EGQFK,0.5325085871131536
8778-LMWTJ,0.5324375945960761
2070-XYMFH,0.5323203674302404
4128-ETESU,0.5321300309540737
2018-PZKMU,0.5320878460278249
6311-UEUME,0.5319935345329069
8059-UDZFY,0.531913774399373
9490-DFPMD,0.5317461475922697
9588-OZDMQ,0.531607020917696
4236-XPXAV,0.5314325873396932
4855-SNKMY,0.5312180689898548
6906-ANDWJ,0.5310255246633437
6559-PDZLR,0.5309405693043339
0376-YMCJC,0.5308598231145529
2696-NARTR,0.5307753087168857
6719-OXYBR,0.5303845947522879
0818-OCPZO,0.5302706192930874
9824-BEMCV,0.5302245263201552
7634-WSWDB,0.5299996897071645
5857-TYBCJ,0.5299253996197819
8903-XEBGX,0.5298943712745524
0212-ISBBF,0.5293727613224952
0946-CLJTI,0.5293289467714436
9565-DJPIB,0.5286110151038924
7734-DBOAI,0.5286013064784079
7952-OBOYL,0.5282680717528978
6178-KFNHS,0.5282511936442759
5077-DXTCG,0.5279762069710076
5884-GCYMI,0.5279610537987648
3096-IZETN,0.5278883858870036
2823-LKABH,0.527792386055297
6212-ATMLK,0.5277146950776754
8565-CLBZW,0.5276224311624427
5482-VXSXJ,0.5275542426143568
2209-XADXF,0.5274202124622501
6128-CZOMY,0.5270302069937254
9492-TOKRI,0.5267149259657455
0256-LTHVJ,0.5265076195227586
4137-BTIKL,0.5264333870627403
9643-AVVWI,0.5260138953536975
2501-XWWTZ,0.5255659221095543
8800-ZKRFW,0.5251867429851318
6646-VRFOL,0.5251170418920148
5439-WIKXB,0.5250429466328023
0778-NELLA,0.524859621985981
8687-BAFGU,0.52473077079249
5940-AHUHD,0.5247168201146724
4718-DHSMV,0.5247032392186728
1522-VVDMG,0.5245033521984507
9365-SRSZE,0.524457154184968
3853-LYGAM,0.5243634385154778
1391-UBDAR,0.523969055790741
5543-QDCRY,0.5236768970507547
5364-XYIRR,0.5234231481420246
5759-RCVCB,0.5234161376807429
7603-USHJS,0.5233971977576203
0581-MDMPW,0.5231690770094699
9283-LZQOH,0.5230017156882274
8128-YVJRG,0.5229645944773735
6959-UWKHF,0.521647823512417
3002-WQZWT,0.5215589700881397
3186-BAXNB,0.5212859943662984
7901-TBKJX,0.5212383751466003
4846-WHAFZ,0.5211382894442852
6402-ZFPPI,0.5211232730853524
9895-VFOXH,0.5208342696090328
9971-ZWPBF,0.5207968523555373
8695-ARGXZ,0.5204746430165543
8610-WFCJF,0.5195371468303482
5022-JNQEQ,0.5192853595096308
1965-DDBWU,0.5190930534711463
8665-UTDHZ,0.5190876246985437
8260-NGFNY,0.5186688088792955
4484-GLZOU,0.5185419307822179
4238-JSSWH,0.5185050558681059
1399-UBQIU,0.5182630519969005
6557-BZXLQ,0.5182351990635891
2468-SJFLM,0.5179459402752861
5130-IEKQT,0.5179400857503553
5480-TBGPH,0.5176331040712594
7395-IGJOS,0.5174459925870191
4398-HSCJH,0.5173997063111561
3312-UUMZW,0.517378009030663
2626-URJFX,0.516967275354955
4373-VVHQL,0.5166397556288622
6240-EURKS,0.5165402275363962
8705-WZCYL,0.5165043515006138
6519-CFDBX,0.5163644845552755
0682-USIXD,0.5162923406365263
2359-KMGLI,0.516255572331268
7718-RXDGG,0.5160986787166069
6366-ZGQGL,0.5158118165332795
2692-BUCFV,0.5154781816993199
2027-CWDNU,0.5151675481513944
3717-OEAUQ,0.5147739861598801
0354-WYROK,0.5145438239344551
5630-IXDXV,0.5145425084542306
0817-HSUSE,0.5144884208182371
2082-CEFLT,0.5143375693542441
8456-QDAVC,0.5143275726008539
7389-KBFIT,0.514310317351587
2135-RXIHG,0.5142021267265486
1746-TGTWV,0.5139496118094482
7562-UXTPG,0.5139202112720193
1194-HVAIF,0.5136356563031035
0221-WMXNQ,0.5135182641671096
8584-KMVXD,0.5130883486627923
6778-YSNIH,0.512611989757733
5307-DZCVC,0.512561345900039
7851-FLGGQ,0.5123786109737594
5019-GQVCR,0.5120334415895247
4741-WWJQZ,0.5117008708640476
0139-IVFJG,0.5114427124578084
1608-GMEWB,0.5111873110468246
7508-SMHXL,0.5111809468341724
6481-ESCNL,0.5107787921911332
6661-HBGWL,0.5105661323103439
9048-JVYVF,0.5105036669765645
7783-YKGDV,0.5102403200488438
3866-MDTUB,0.5097794072804603
5981-ITEMU,0.509334052339472
4690-PKDQG,0.50925061822786
2697-NQBPF,0.5089891375732059
4658-HCOHW,0.5087415443364008
5453-AXEPF,0.5084143985949631
4154-AQUGT,0.5080499443328427
9274-UARKJ,0.5080300289276288
3439-GVUSX,0.5079950212044145
3955-JBZZM,0.5078492646397902
6017-PPLPX,0.5078113256946126
3334-CTHOL,0.5078041520845986
7279-BUYWN,0.5076755485726743
5204-QZXPU,0.5071427962659738
6543-CPZMK,0.5070845012194212
9430-FRQOC,0.5070492704270555
5373-SFODM,0.506998867406028
8696-JKZNU,0.5063810908814658
8486-AYEQH,0.5056330129161446
2962-XPMCQ,0.5054974755068917
6158-HDPXZ,0.5054199826657028
5950-AAAGJ,0.5053114964119839
4074-SJFFA,0.5052356451796698
3665-JATSN,0.5050591711800517
0082-OQIQY,0.5049935163287401
3757-NJYBX,0.5047585912532963
7978-DKUQH,0.5047103279367624
8490-BXHEO,0.5045054766481063
1845-CSBRZ,0.5042214516575401
8404-GFGCZ,0.5038514456126328
7018-WBJNK,0.5036556687664056
8519-QJGJD,0.5032917070755565
6651-AZVTJ,0.5031510505529464
2956-GGUCQ,0.5030527491597316
6284-AHOOQ,0.5029164851833453
9898-KZQDZ,0.5027962094181323
6608-QQLVK,0.5027076234917998
7562-GSUHK,0.5026590872507535
5028-GZLDO,0.5025393151868762
9465-RWMXL,0.502141144094544
5108-ADXWO,0.5015725181378802
3088-LHEFH,0.5015639488375959
5647-FXOTP,0.5014483703472351
2657-ALMWY,0.500731782868311
9828-AOQLM,0.5005594666651342
2786-GCDPI,0.5001087480479667
2955-BJZHG,0.5000992825387371
8837-VVWLQ,0.4998974122977027
9921-QFQUL,0.4997303622597634
0963-ZBDRN,0.49960344218007924
3312-ZWLGF,0.49930520416014895
6331-LWDTQ,0.49919699203766116
9529-OFXHY,0.4988452847161927
5760-FXFVO,0.4987261669738671
7587-RZNME,0.49852459211155636
4749-VFKVB,0.49849231918384523
2719-BDAQO,0.49837858415902453
2507-QZPQS,0.4979976717686657
2203-GHNWN,0.4976770453892453
6704-UTUKK,0.49759877436267985
3806-DXQOM,0.49754119501067623
5606-AMZBO,0.4974382635037857
3914-FDRHP,0.49731606841777404
2800-QQUSO,0.49699997617012637
1976-CFOCS,0.4968678759070684
0952-KMEEH,0.49686746393314063
5868-CZJDR,0.4964728125172331
1084-UQCHV,0.49606327868771116
6339-DKLMK,0.49602054576816584
6542-LWGXJ,0.495859666349205
7351-KYHQH,0.49585423962021996
9944-AEXBM,0.4957352019025543
0570-BFQHT,0.4956447406073867
2916-BQZLN,0.49553380884647574
5982-FPVQN,0.495347555363314
1777-JYQPJ,0.4953397172413689
2189-WWOEW,0.49517728352977247
6034-YMTOB,0.4949538003077288
2811-POVEX,0.4946948495030904
8718-PTMEZ,0.4945720297909569
4248-QPAVC,0.49454832682671823
1589-AGTLK,0.4941213278661199
7901-HXJVA,0.4940699882675726
4947-DSMXK,0.49405786645826516
4013-TLDHQ,0.4937331308288156
8849-AYPTR,0.49367623561065666
0504-HHAPI,0.4935582464666019
8642-GVWRF,0.49346919078322854
1384-RCUXW,0.49338082850524934
7586-ZATGZ,0.49334089087980426
1100-DDVRV,0.49325570788087475
3518-PZXZQ,0.4929138750400223
4619-EVPHY,0.4927260368310285
8640-SDGKB,0.492050292088784
9904-EHEVJ,0.4919488051463692
3671-SHRSP,0.49159039438637864
5600-KTXFM,0.49157939159064723
5747-PMBSQ,0.49153522896458013
0402-CQAJN,0.49123217559049853
7296-PIXQY,0.4911200489057895
3211-ILJTT,0.49087499282215596
3055-MJDSB,0.4908567965541699
0428-IKYCP,0.49048668817796354
8212-DJRCH,0.49046913550057575
9661-ACXBS,0.49045637955805294
3167-SNQPL,0.49016659150647746
7739-LAXOG,0.4900399122700358
6629-CZTTH,0.4898111020649917
4879-GZLFH,0.48971223948035053
6464-KEXXH,0.4896518563222969
0564-MUUQK,0.4895840165563159
2675-DHUTR,0.4890302313911527
5226-NOZFC,0.48884345998191464
8212-CRQXP,0.4886583393409304
9885-AIBVB,0.48845611642788234
8012-SOUDQ,0.4881666588718862
5294-DMSFH,0.48802636630613794
2322-VCZHZ,0.4879232220694104
5222-IMUKT,0.4879129774089087
0599-XNYDO,0.4873505128431728
8878-HMWBV,0.48720703333082993
2694-CIUMO,0.48659631704595585
3677-TNKIO,0.4865149389391975
3995-WFCSM,0.4860680040062887
6467-CHFZW,0.48587552073192225
1902-XBTFB,0.4857014060894695
0869-PAPRP,0.4851728485963951
8563-OYMQY,0.4849287541004554
1565-RHDJD,0.4848302560575042
5626-MGTUK,0.4846726017531988
2519-FAKOD,0.4846476348356759
8993-IZEUX,0.48445703356818476
2495-KZNFB,0.4844060597135539
3932-CMDTD,0.48433097890670884
4929-BSTRX,0.48414064463387646
8378-LKJAF,0.4840116862791934
3545-CNWRG,0.48382071472197946
7979-CORPM,0.4837642963963867
3934-HXCFZ,0.4835721500815947
9505-SQFSW,0.4833133042885586
9752-ZNQUT,0.4832683920194859
2831-EBWRN,0.4828906295639022
3096-JRDSO,0.48267877714768975
1264-BYWMS,0.4825155807792482
7020-OZKXZ,0.48247778743251385
8020-BWHYL,0.4820802884288975
4349-GFQHK,0.48176210776582257
8155-IBNHG,0.48157792805321503
9620-ENEJV,0.4813938692558615
9800-ONTFE,0.4807908926587765
7567-ECMCM,0.4806587100150845
4503-BDXBD,0.4806270749233028
1173-NOEYG,0.48044744380596915
7729-JTEEC,0.4803386971820049
2141-RRYGO,0.48033742542830443
2538-OIMXF,0.4801594457709468
4625-EWPTF,0.4800357165232534
5385-SUIRI,0.47984081618965574
6317-YPKDH,0.47892145184203333
4062-HBMOS,0.47876247666369
1624-WOIWJ,0.4786548909348507
9512-UIBFX,0.47853130099187463
9821-POOTN,0.47829142467332414
6522-YRBXD,0.47819862268771907
3798-EPWRR,0.4779624067477792
4361-JEIVL,0.47772552734176027
9979-RGMZT,0.4777178719878389
1818-ESQMW,0.4775096817216818
9851-KIELU,0.47744021734582737
6078-VESFR,0.4771731815679038
8167-GJLRN,0.4768360238761828
8364-TRMMK,0.4764491733047852
7460-ITWWP,0.4763124224050935
9518-XXBXE,0.4760920820971781
1472-TNCWL,0.47606566028929387
8720-RQSBJ,0.47593549187125256
5035-BVCXS,0.475725666153097
5572-ZDXHY,0.4757160051285846
3791-LGQCY,0.4755495493436918
7825-ECJRF,0.4752851900440919
3174-RKMOW,0.4751906684597188
5122-CYFXA,0.4748680247756632
5590-YRFJT,0.4744640455331147
8272-ONJLV,0.47412483381292403
7503-QQRVF,0.4738414271245191
6486-LHTMA,0.4736880714190147
6729-GDNGC,0.473615199700328
7442-YGZFK,0.4734011373361633
2672-TGEFF,0.47300170597631586
5650-YLIBA,0.4729634255571681
7339-POGZN,0.4729623106965487
8080-DDEMJ,0.47296112200860857
3524-WQDSG,0.47271436711763554
4706-DGAHW,0.4726908167076806
6390-DSAZX,0.47245460571948883
1035-IPQPU,0.47198570365947096
7421-ZLUPA,0.4716465771248621
9206-GVPEQ,0.47160846333971734
2386-LAHRK,0.47145132319463345
5153-RTHKF,0.4712243491504968
0141-YEAYS,0.47122217969917574
6413-XKKPU,0.4709588043687293
7967-HYCDE,0.4709384050086106
2038-LLMLM,0.4707062089215797
8543-MSDMF,0.47046765768516596
9842-EFSYY,0.47038100063427124
2722-JMONI,0.4701354096778889
2971-SGAFL,0.4700851124381637
6692-YQHXC,0.4699919864957398
4828-FAZPK,0.4698890132126974
1482-OXZSY,0.46982940583309407
8108-UXRQN,0.46977736697940486
3943-KDREE,0.46976246209048717
9508-ILZDG,0.4697428212811553
6185-TASNN,0.4697185496578179
6458-CYIDZ,0.4691657138519235
5889-JTMUL,0.4689832633311414
2606-RMDHZ,0.4688353899017073
5351-QESIO,0.4686949174179259
1260-TTRXI,0.46804987660069236
3587-PMCOY,0.46732088510591924
4351-QLCSU,0.4671725829154465
0096-BXERS,0.46686444120559606
0537-QYZZN,0.4666796610247994
3352-ALMCK,0.4666646336176956
2782-LFZVW,0.4664142824712144
0927-LCSMG,0.46601975617147856
8676-OOQEJ,0.46528408120871295
8914-RBTSB,0.4651089475881006
6127-IYJOZ,0.4649748843313782
0277-BKSQP,0.46466645062754164
8064-RAVOH,0.4646449414558421
4317-VTEOA,0.4646418415977778
7517-SAWMO,0.46458659714245487
4553-DVPZG,0.46453414568824514
2979-SXESE,0.4643496626579355
7675-OZCZG,0.464193341170232
7129-CAKJW,0.46414448264908026
9168-INPSZ,0.4636049643723424
7658-UYUQS,0.46348415755924527
6048-QBXKL,0.46298161332230353
6402-EJMWF,0.4624645627548499
9389-ACWBI,0.46243145992173035
1833-TCXKK,0.4617012727495284
2911-WDXMV,0.4615422096290943
0634-SZPQA,0.46144090775263136
6377-WHAOX,0.4613228169381895
4662-EKDPQ,0.4612103709849342
2474-BRUCM,0.4610720935676134
3891-PUQOD,0.46100133436405305
0786-VSSUD,0.4608145135762323
7404-JLKQG,0.46067471913743335
5998-VVEJY,0.4603751301446558
5828-AVIPD,0.46007945288097635
4184-TJFAN,0.459773684103299
8819-IMISP,0.4595288344505513
5281-BUZGT,0.45948127614811374
7126-RBHSD,0.4594215744645372
3370-GQEAL,0.4593912666840334
5016-IBERQ,0.45913691939398094
2874-YXVVA,0.458675298073986
7993-PYKOF,0.4582988077777064
9763-PDTKK,0.4581619904065089
5896-NPFWW,0.4580913813117086
1304-BCCFO,0.45808130824967896
6180-YBIQI,0.4580664441748147
0376-OIWME,0.45757415060294176
5895-QSXOD,0.45755522635746876
0578-SKVMF,0.45749405809322063
6537-QLGEX,0.45723881145414125
2523-EWWZL,0.4568692856634711
5389-FFVKB,0.45678972006527496
3780-YVMFA,0.4567721046160515
0224-HJAPT,0.45674461453469967
3237-AJGEH,0.4567050427411722
1436-ZMJAN,0.45664976661812134
1329-VHWNP,0.4563815271542905
1346-UFHAX,0.45629354957811674
8601-QACRS,0.45596969354781935
7268-IGMFD,0.4558826129255918
7483-IQWIB,0.45579342796149325
2344-JMOGN,0.4556544655821958
9420-LOJKX,0.4552400469978787
9626-WEQRM,0.45497433501761086
0895-DQHEW,0.4546656216403412
3845-JHAMY,0.45463875733771053
9058-CBREO,0.45463512196963857
2122-YWVYA,0.45453256714946133
3737-GCSPV,0.45445377668174863
9552-TGUZV,0.45418373050705796
9710-ZUSHQ,0.4536615698158828
2974-GGUXS,0.45347464201451293
4315-MURBD,0.45341202836885336
3058-WQDRE,0.45288160948527356
7048-GXDAY,0.4525380987381029
2227-JRSJX,0.4524508611921277
2037-SGXHH,0.45239895977961253
1320-REHCS,0.45207253589190977
2311-QYMUQ,0.45205334350275134
9053-EJUNL,0.4519718404323395
1452-KIOVK,0.4516491612674815
1013-QCWAM,0.4515317248735987
0111-KLBQG,0.4513520200126115
1101-SSWAG,0.45120613033164064
1261-FWTTE,0.45080699946329494
3071-VBYPO,0.4505330577190264
3768-NLUBH,0.45034419844025014
0804-XBFBV,0.44994797636562534
0975-VOOVL,0.44935122512672726
1478-VPOAD,0.44924769996539105
9278-VZKCD,0.4492316800851999
4847-QNOKA,0.44918797055071613
0637-UBJRP,0.44910119321637815
9272-LSVYH,0.4490882993764789
6583-QGCSI,0.44887797005245494
7852-LECYP,0.44880868876839625
9474-PHLYD,0.44871989670464946
7011-CVEUC,0.4486345252763698
1319-YLZJG,0.4485496729184888
9398-MMQTO,0.44839863922286394
2085-BOJKI,0.44781682333624445
7752-XUSCI,0.44753176091974134
9450-TRJUU,0.4471865957758924
4570-QHXHL,0.4471583058798251
7159-FVYPK,0.44711594690930184
2988-PLAHS,0.44695086572425374
6599-RCLCJ,0.44687916361772284
8785-CJSHH,0.4463993600595106
3094-JOJAI,0.4463690325892624
1612-EOHDH,0.44562823079008357
3714-NTNFO,0.44550210345204816
6961-VCPMC,0.44520491083608255
5916-QEWPT,0.44519348683409715
2856-NNASM,0.44496446155672986
7774-OJSXI,0.44469019236420787
0133-BMFZO,0.44468572432614256
6907-FLBER,0.4446699308855355
5331-RGMTT,0.44463874168835577
5349-AZPEW,0.4444470923543035
9090-SGQXL,0.44443736995476674
7825-GKXMW,0.4438875537860982
6217-TOWGS,0.44381289061278933
0093-XWZFY,0.44342063203189386
7181-OQCUT,0.4431417231138251
3374-LXDEV,0.44309049556483315
3540-RZJYU,0.4429012762453409
9214-EKVXR,0.4427976430740228
3005-NFMTA,0.44168388695113714
6595-COKXZ,0.4415939717111172
4201-JMNGR,0.44155202970323604
7636-OWBPG,0.44134101234292866
8614-VGMMV,0.4410630988223512
3348-CFRNX,0.4410354450862009
3161-GETRM,0.44075441472263543
9281-OFDMF,0.440460690024909
5175-WLYXL,0.44029961682623897
6693-FRIRW,0.4402423688544345
3703-VAVCL,0.4400706880563855
7065-YUNRY,0.4393222528448025
6650-VJONK,0.4393086688069975
5498-TXHLF,0.439295691553384
1855-AGAWH,0.43921583513072937
1373-ORVIZ,0.43910322860753814
2275-RBYQS,0.43905515699066566
5692-FPTAH,0.43905515699066566
3737-XBQDD,0.4390137140646139
1866-OBPNR,0.4389613263031049
1550-EENBN,0.43894803568498997
3961-SXAXY,0.4387745159921594
7129-ACFOG,0.4385817856177486
9381-NDKME,0.4383771599673855
5609-IMCGG,0.4380827175573501
6394-MFYNG,0.4377919410382326
4566-QVRRW,0.4377481202830904
7599-FKVXZ,0.43730487086755443
9667-EQRXU,0.43729575705284224
0324-BRPCJ,0.43721426614492775
5129-JLPIS,0.4369514283912445
4911-BANWH,0.43657958522417845
1728-BQDMA,0.43648826143649316
9522-BNTHX,0.4364138973520123
2378-VTKDH,0.43640641302599176
2675-OTVVJ,0.4362768090197552
1536-HBSWP,0.43613322216202477
4801-JZAZL,0.4361148732346805
4905-JEFDW,0.4360962073061331
1942-OQFRW,0.43603193184797623
3926-CUQZX,0.4359725686209495
5716-LIBJC,0.4359669333423523
8982-NHAVY,0.43588570878840827
4607-CHPCA,0.4353705490819638
3082-VQXNH,0.43516682301398957
5697-GOMBF,0.4349364815583002
3234-VKACU,0.4348871591903469
9369-XFEHK,0.43462075964187497
2277-DJJDL,0.4345770548553993
1597-FZREH,0.43448657619837805
2587-EKXTS,0.43430364438107555
0067-DKWBL,0.43402321728616694
0410-IPFTY,0.4339084349095261
9637-EIHEQ,0.43373459160677796
0430-IHCDJ,0.4336997289847473
7881-INRLC,0.43364152156112185
4537-DKTAL,0.43359952244913874
6259-WJQLC,0.43357629483857085
2931-FSOHN,0.43356988538689845
5356-CSVSQ,0.4333764634203209
5651-YLPRD,0.4331600822022559
7813-ZGGAW,0.43300363511857964
0177-PXBAT,0.432928471131511
4459-BBGHE,0.43274239530429554
1963-SVUCV,0.4325684193940121
5552-ZNFSJ,0.4325684193940121
0623-IIHUG,0.4324646191290241
5515-AKOAJ,0.43226397073804756
6022-UGGSO,0.43223295922430593
9286-DOJGF,0.43197608757952416
5312-UXESG,0.4318547080960853
8313-KTIHG,0.4317910890193795
3987-KQDDU,0.431569244075982
7359-PTSXY,0.4313710274744049
4948-WBBKL,0.4311609998451038
2476-YGEFM,0.43115476283778387
0708-LGSMF,0.4311455153879555
7982-VCELR,0.430770855119961
1767-TGTKO,0.4307170777112442
4959-JOSRX,0.4304813389536557
0397-GZBBC,0.43025983353590674
4678-DVQEO,0.4300095910536517
7663-RGWBC,0.42975647876742745
4465-VDKIQ,0.42960043717771174
0082-LDZUE,0.42935789135494795
2637-FKFSY,0.4290747649214171
1251-KRREG,0.4290690234496585
4526-ZJJTM,0.4287121076543519
1343-EHPYB,0.42866529555187366
3688-FTHLT,0.4285426941041368
8180-AKMJV,0.4284700868184808
5365-LLFYV,0.42842927330913677
0701-RFGFI,0.4281418198379775
4220-TINQT,0.42811718176057095
2921-XWDJH,0.42793248425501557
9793-WECQC,0.4278819106681967
3278-FSIXX,0.42781893853022224
8710-YGLWG,0.4277644625775707
8950-MTZNV,0.42763174398890624
2277-VWCNI,0.4275964204379559
4116-TZAQJ,0.4275961291113429
1406-PUQVY,0.42751736544222174
5696-QURRL,0.4273663380750567
7077-XJMET,0.4273637767260564
3969-GYXEL,0.4272980328006407
8280-MQRQN,0.42723052737654565
4446-BZKHU,0.427145140689273
0207-MDKNV,0.4271170530889255
8058-DMYRU,0.42702415175041736
0320-JDNQG,0.4268688574116535
5536-RTPWK,0.4267627212715029
2347-WKKAE,0.42605469242537447
3566-HJGPK,0.4260399385238002
0867-MKZVY,0.4260316867393971
1910-FMXJM,0.42599099810780533
9117-SHLZX,0.4256422251925869
0887-HJGAR,0.4256422251925869
2718-GAXQD,0.4255638298017265
5133-POWUA,0.4253771363845952
3415-TAILE,0.4252857748791554
3627-FHKBK,0.4252662590387877
0374-IOEGQ,0.4252512089633886
4237-RLAQD,0.42524460805901215
3716-UVSPD,0.4251257616858315
6656-JWRQX,0.4249915854107544
6142-VSJQO,0.42471820620255335
9708-HPXWZ,0.4247041206115274
3130-ICDUP,0.4244676998311655
2195-ZRVAX,0.4244022152129897
6946-LMSQS,0.4242509039178911
2372-HWUHI,0.4240573798668417
9643-YBLUR,0.42402904441996714
3323-CPBWR,0.423932923560355
6741-EGCBI,0.423859793839302
4840-ORQXB,0.4236735491099937
8158-WPEZG,0.42337890366961556
5404-GGUKR,0.4231362161791175
7798-JVXYM,0.42289933381206507
1853-ARAAQ,0.4226242386432669
0322-CHQRU,0.42192765975960067
6825-UYPFK,0.42186695883713854
0064-YIJGF,0.4218413679385291
0666-UXTJO,0.4216557961354477
2178-PMGCJ,0.4214333325273556
2884-GBPFB,0.42128502634881015
5968-VXZLG,0.42126906584285356
4468-KAZHE,0.42097070245250684
7758-XKCBS,0.4209194689380978
9927-DSWDF,0.42082416359914065
1355-KUSBG,0.4205404846719476
1216-JWVUX,0.42025539539736095
6135-OZQVA,0.42024770879881507
7233-DRTRF,0.4200408531451996
3137-LUPIX,0.4200383455329178
4430-UZIPO,0.41972122209428797
8384-FZBJK,0.4193511274214804
1469-LBJQJ,0.41923249358773845
2070-FNEXE,0.41888765561440616
9026-RNUJS,0.4188842076163661
9722-UJOJR,0.418857713379127
9576-SYUHJ,0.4184289347519271
1442-BQPVU,0.4183234019272713
7410-OIEDU,0.41824470454797735
4671-LXRDQ,0.4175418229687879
1660-HSOOQ,0.4168089841932815
2640-PMGFL,0.4167164985427803
6988-CJEYV,0.41643325721157975
8818-XYFCQ,0.416292445502609
7000-WCEVQ,0.41621111175157827
2573-GYRUU,0.4162020841319508
1816-FLZDK,0.4161651647138263
5047-LHVLY,0.41583494519499115
1230-QAJDW,0.41575252905526794
0621-TWIEM,0.4157229327154113
8096-LOIST,0.41557415164673533
0280-XJGEX,0.4155652877321182
1228-ZLNBX,0.4153202570351175
4811-JBUVU,0.41521320134049655
2359-KLTEK,0.4147759395419726
8802-UNOJF,0.41466255507177135
2951-QOQTK,0.41420956129139164
9699-UBQFS,0.4138127336482825
1310-QRITU,0.4135173871485388
2037-XJFUP,0.41338797336387395
0829-XXPLX,0.41329274571575414
9332-GYWLO,0.41324812838793346
5886-VLQVU,0.41311734660597416
7481-ATQQS,0.4128270384189697
1142-WACZW,0.4126601131772702
2049-BAFNW,0.412478049026711
5977-CKHON,0.4124250912022719
4680-KUTAJ,0.41233042476403736
9469-WEJBT,0.41193884902808164
2232-DMLXU,0.4111384879283171
7682-AZNDK,0.4110336901113042
5392-AKEMH,0.4109925906482662
9526-JAWYF,0.410967184301532
8782-LKFPK,0.4108588168460246
4818-DRBQT,0.4106427483417992
4931-TRZWN,0.4105959051393056
7277-OZCGZ,0.4105650751758843
5515-RUGKN,0.4105522212252908
5419-KLXBN,0.41049919153016184
5673-TIYIB,0.4103443614883448
3787-TRIAL,0.41033130373173643
9408-HRXRK,0.4100106502260841
2720-FVBQP,0.409749478938934
4550-VBOFE,0.40936635718592246
8229-TNIQA,0.40923400311157754
6233-HXJMX,0.4092209621095275
0577-WHMEV,0.4092077220610373
2903-YYTBW,0.40885693697549025
2014-MKGMH,0.4087308843249863
3481-JHUZH,0.40871613886949937
5649-RXQTV,0.4086779499429445
5156-UMKOW,0.4084664220393849
4727-MCYZG,0.4082671454577788
6711-VTNRE,0.4082239189434085
2105-PHWON,0.40819944543880815
9169-BSVIN,0.4081235266163587
6416-YJTTB,0.4077923434885606
9889-TMAHG,0.4076163466995982
3500-RMZLT,0.4075483265383156
0468-YRPXN,0.4074273584201933
5461-QKNTN,0.4072513713243214
1518-VOWAV,0.4071514591371314
5175-AOBHI,0.4071144086498833
1670-SVOWZ,0.40710415354787305
6080-TCMYC,0.4069416584766092
6862-CQUMB,0.40691848235536304
5999-LCXAO,0.4068912247530264
3932-IJWDZ,0.4068076927966841
9574-RKJIF,0.406568363785114
7030-NJVDP,0.4065605470021536
3331-HQDTW,0.4062530205170845
8019-ENHXU,0.4061856045251387
6075-SLNIL,0.40568414208790465
7743-EXURX,0.4048909118655503
9584-EXCDZ,0.4045696815161636
8124-NZVGJ,0.4040481311628481
0463-ZSDNT,0.40404167660115115
6204-IEUXJ,0.40397769093827596
2108-XWMPY,0.4036131103652408
7504-UWHNB,0.4034225049367772
2432-TFSMK,0.40295191035290945
8631-WUXGY,0.4022074716068513
2103-ZRXFN,0.4021581110959334
6038-GCYEC,0.4021023818630482
2519-ERQOJ,0.40186403145340643
0380-NEAVX,0.4018593372432764
1785-BPHTP,0.40161603175996907
7841-TZDMQ,0.40135637557920095
9578-VRMNM,0.4013110360064851
3197-ARFOY,0.40020184484442817
3165-HDOEW,0.3996973628881838
7529-ZDFXI,0.39960752332124055
6022-KOUQO,0.39960098010320505
9667-TKTVZ,0.3992357475730989
4065-JJAVA,0.39922143224178547
0015-UOCOJ,0.39921232977705706
3144-AUDBS,0.39912778517962993
7377-DMMRI,0.39894510513583875
6646-JPPHA,0.39891024445118345
1644-IRKSF,0.39886460514262095
8496-EJAUI,0.39883139063855966
2506-CLAKW,0.39850146055572133
4193-ORFCL,0.3982424783439367
1471-GIQKQ,0.3980515944523454
1685-BQULA,0.39804597616358767
3692-JHONH,0.397540098728705
0310-MVLET,0.39740962710268596
5522-JBWMO,0.39727838842016744
9269-CQOOL,0.39715290320300795
9714-EDSUC,0.39701608092446505
8123-QBNAZ,0.39695499074110385
4829-AUOAX,0.3969098382018411
8327-LZKAS,0.3968671779630675
7207-RMRDB,0.3968279562718334
5057-LCOUI,0.39657888925403034
6689-KXGBO,0.39649362257754484
0282-NVSJS,0.39649138534608097
5882-CMAZQ,0.3963418127193694
4760-THGOT,0.39609350638864943
6029-CSMJE,0.3960524232486573
0265-PSUAE,0.3953778882064161
5649-VUKMC,0.39507820030526886
9526-BIHHD,0.3950662138624596
9445-SZLCH,0.3948683927559942
3761-FLYZI,0.3948448340991326
0365-GXEZS,0.39439244631423703
9470-XCCEM,0.3941552559441646
2894-QOJRX,0.3941199521279289
3413-BMNZE,0.39407870532370237
5419-JKZNQ,0.39403226500078137
2683-BPJSO,0.3940118038379696
3733-LSYCE,0.393458139661945
9261-WDCAF,0.3932250780650774
0003-MKNFE,0.39313879658411427
2712-SYWAY,0.39298163134797653
8887-IPQNC,0.39297116555436723
9029-FEGVJ,0.3927398129888138
0089-IIQKO,0.39270085229846957
7401-RUBNK,0.3925141645916905
6859-RKMZJ,0.39216065988199705
1025-FALIX,0.3920016389107969
4522-AKYLR,0.39195789072895226
1907-YLNYW,0.391907523121589
6133-OZILE,0.39164991629449936
9631-XEYKE,0.3909376757432896
1849-RJYIG,0.3907970378353539
9777-WJJPR,0.3903680599341932
8468-EHYJA,0.39026269794993573
0541-FITGH,0.39013503457323195
1095-JUDTC,0.3896841265976027
1396-QWFBJ,0.3895751910983078
5099-BAILX,0.3894177109498926
8450-UYIBU,0.38938482658766443
0032-PGELS,0.38860935818717535
5016-ETTFF,0.3885645054380892
0727-BMPLR,0.38825412273988336
2826-DXLQO,0.38797270380159726
9940-HPQPG,0.3876749641580464
4690-LLKUA,0.3876463113016065
6710-HSJRD,0.3871829763288848
1635-FJFCC,0.38702086566587124
4391-LNRXK,0.38696208279708455
0943-ZQPXH,0.3867129586339233
1323-OOEPC,0.3866707511643928
9530-EHPOH,0.386282501910578
6876-ADESB,0.38606204703528035
8069-YQQAJ,0.385970656399881
0481-SUMCB,0.3854171913932671
7272-QDCKA,0.3852146859986495
6227-HWPWX,0.3852055845867311
4860-IJUDE,0.3850305728808124
5813-UECBU,0.3849539197546142
1226-UDFZR,0.38448547725216836
9812-GHVRI,0.38443813581302233
3005-TYFRD,0.3844143912164087
9348-YVOMK,0.3842976945884181
5934-TSSAU,0.3839613389733812
5712-AHQNN,0.3837852591150553
2207-NHRJK,0.3836202164568529
0420-BWTPW,0.38344358346410046
6633-MPWBS,0.38342041073389005
6927-WTFIV,0.38320694078793693
7064-FRRSW,0.38288576389793894
9210-IAHGH,0.38272834826251917
4323-SADQS,0.38268054708231414
5213-TWWJU,0.38262004568070934
5027-XWQHA,0.3825971315764694
3583-KRKMD,0.38219588060092324
5046-NUHWD,0.3819129864985464
7929-DMBCV,0.3819022285476046
3569-EDBPQ,0.38148737223306617
6537-OTKMY,0.3814550535426062
7547-EKNFS,0.38132787131523443
1559-DTODC,0.38125825504940336
0118-JPNOY,0.3811431241098915
8988-ECPJR,0.3811118066158216
3162-KKZXO,0.38097434274661773
6128-AQBMT,0.38059875065216375
5301-GAUUY,0.3802538367636691
0641-EVBOJ,0.3802229671255374
0422-UXFAP,0.38001766896994454
5502-RLUYV,0.3798841896621424
4523-WXCEF,0.3798840209658858
6218-KNUBD,0.3798477559465559
1845-ZLLIG,0.379635060454345
6625-UTXEW,0.3794220112064684
9732-EQMWY,0.3792930076297178
0811-GSDTP,0.37918406013912764
4993-JCRGJ,0.37891627065506994
5302-BDJNT,0.3785958470852668
5981-ZVXOT,0.378585729182754
9174-FKWZE,0.37848003692127175
0319-QZTCO,0.3775803160049112
8725-JEDFD,0.3774511051342129
3976-BWUCK,0.3774035710591471
5839-SUYVZ,0.37739045996562776
0836-SEYLU,0.3771307579701136
2480-SQIOB,0.3769640928811767
1728-CXQBE,0.3769254068678151
8242-JSVBO,0.3760098226138619
4208-UFFGW,0.3759752231031866
3804-RVTGV,0.3753478579132571
6635-CPNUN,0.3752823486454884
5146-CBVOE,0.3749061774434465
7627-JKIAZ,0.37434828331530207
6847-KJLTS,0.3741743773264143
9462-MJUAW,0.3741214623556952
2604-IJPDU,0.3739099211936702
5816-SCGFC,0.3731477407331347
2792-LSHWX,0.3730330850355667
6771-XWBDM,0.37273365404740794
4660-IRIBM,0.3722094003658617
4636-JGAAI,0.37216455616131816
3097-NNSPB,0.37200168531280986
1465-LNTLJ,0.3717902011461028
9233-PSYHO,0.37171722320535366
1481-ZUWZA,0.37159607976686804
6789-HJBWG,0.37153878986767935
3945-GFWQL,0.3713920890580813
0106-GHRQR,0.37135806192765025
3351-NGXYI,0.37126364193345385
8329-UTMVM,0.3712063104019767
4566-GOLUK,0.37119706965444693
6145-NNPNO,0.3710259651107798
3023-GFLBR,0.37082738924867475
2960-NKRSO,0.3707505457435936
0475-RIJEP,0.37058734043083624
1427-VERSM,0.370245156277612
5055-MGMGF,0.3700046988830481
3452-ABWRL,0.3699191631984226
6745-JEFZB,0.36984898273456585
2208-UGTGR,0.369530333141347
0311-QYWSS,0.369281863490026
3658-KIBGF,0.36915487657773355
3014-WJKSM,0.36913648261033566
2027-WKXMW,0.3691246912545174
9992-UJOEL,0.3690803590276896
6985-HAYWX,0.36870052717619306
8775-CEBBJ,0.36861368418967955
2325-WINES,0.3683878632334707
4248-HCETZ,0.3680942168851505
3694-DELSO,0.36747524999041375
4343-EJVQB,0.3674517042706391
3956-CJUST,0.3672429241245845
4471-KXAUH,0.36716794816581505
9112-WSNPU,0.36709313427106344
4640-UHDOS,0.36691373411108474
8806-EAGWC,0.3669067136038368
4480-MBMLB,0.3668593391212461
8623-ULFNQ,0.3667099833379112
0999-QXNSA,0.36664465340847513
5568-DMXZS,0.36660956389402727
5671-UUNXD,0.3664289054813532
4223-WOZCM,0.3660189245099113
6168-YBYNP,0.36589157223190977
7964-VEXDG,0.3656655825763184
4439-YRNVD,0.3646394564568025
4821-SJHJV,0.36461853325463606
9921-EZKBY,0.36461366179911386
1049-FYSYG,0.3643419936256155
6410-LEFEN,0.36433268042093253
2040-VZIKE,0.3638727196855861
8544-GOQSH,0.3637805102874526
3192-LNKRK,0.36332304768274243
2853-CWQFQ,0.36330312470082493
3349-ANQNH,0.3632638185658329
3085-QUOZK,0.3632531184684824
0274-JKUJR,0.3628219523785734
7576-JMYWV,0.3627179591481959
7075-BNDVQ,0.3627083528942119
4976-LNFVV,0.3626675349883337
2235-ZGKPT,0.3626216767968168
0415-MOSGF,0.3621251489576153
3069-SSVSN,0.3621161610932079
8654-DHAOW,0.3619061255250841
3208-YPIOE,0.36171659039869
6362-QHAFM,0.3616683970394783
9415-TPKRV,0.3615503262025952
9137-UIYPG,0.36150131469345154
8773-HHUOZ,0.36133352210183156
2219-MVUSO,0.36130845741278256
4918-QLLIW,0.36130531166775437
2672-OJQZP,0.36124888746696754
0431-APWVY,0.36117933752034126
0533-BNWKF,0.36111139910182183
9659-QEQSY,0.3606561728675955
7593-JNWRU,0.36040806982678225
5173-WXOQV,0.3603898700739156
7252-NTGSS,0.36024857556467677
6582-OIVSP,0.3598737706938831
9495-SKLKD,0.35984035271173137
7754-IXRMC,0.35974887367888614
6304-IJFSQ,0.3597061709716121
6624-JDRDS,0.3596285362373902
2452-KDRRH,0.3596122041048442
7876-BEUTG,0.35948630643109486
3466-RITXD,0.35935169495673375
1174-FGIFN,0.3591540395105564
7975-TZMLR,0.3591330144486959
7909-FIOIY,0.3588543771099241
1689-MRZQR,0.35879550997633314
6429-SHBCB,0.35854454904443467
7054-LGEQW,0.358251595061488
2207-QPJED,0.35823944140885733
6549-NNDYT,0.3581288351893081
6923-EFPNL,0.358120056256247
4067-HLYQI,0.3579248854392474
3509-GWQGF,0.3578938784475448
3446-QDSZF,0.3574986220388281
5394-SVGJV,0.3573761027748271
5522-NYKPB,0.3570083208344188
4657-FWVFY,0.3558565912866476
2067-QYTCF,0.3555634274351191
5118-MUEYH,0.3554875365159595
4307-KWMXE,0.35514454684352725
1047-NNCBF,0.3547863020915684
0531-ZZJWQ,0.35477516733417247
7927-AUXBZ,0.3547736919353785
2074-GUHPQ,0.35422783116760403
7916-VCCPB,0.3540997934505477
1750-CSKKM,0.35400315183675507
2360-RDGRO,0.35331637965715257
4329-YPDDQ,0.35232583346598806
8535-SFUTN,0.3521632657854932
1587-FKLZB,0.3518279905776204
4081-DYXAV,0.3514901969833494
9626-VFRGG,0.35124732336727016
1895-QTKDO,0.35124109371594886
8344-WFMFH,0.35112263267254123
9819-FBNSV,0.3508650250972094
6982-SSHFK,0.35033778075120464
5858-EAFCZ,0.35021438262008603
9448-REEVD,0.35000111797821765
4146-SVFUD,0.34984430853216125
9795-VOWON,0.34983995908296983
1357-MVDOZ,0.3496773261034623
5816-QVHRX,0.34960597997795895
4226-KKDON,0.34947579899739317
1919-RTPQD,0.34943841597798647
2386-OWURY,0.3492410491616046
3426-NIYYL,0.34923107559699973
9412-GHEEC,0.34916175984165115
6817-WTYHE,0.34890207081435803
5536-SLHPM,0.34881171268226435
2833-SLKDQ,0.3487351721104553
6668-CNMFP,0.3486894955804239
2100-BDNSN,0.34858874154907005
4592-IWTJI,0.3484189009048433
5172-MIGPM,0.3484122199600064
3173-NVMPX,0.3480743242204805
0257-ZESQC,0.34805218797130294
0730-KOAVE,0.3477591576293392
9244-ZVAPM,0.3473817839249526
0356-ERHVT,0.3471792662952633
3207-OYBWH,0.3465232892698664
2436-QBZFP,0.3462141483790389
7130-YXBRO,0.346040084919383
0587-DMGBH,0.34602611300153124
7593-XFKDI,0.345662852363448
5707-ORNDZ,0.3453124022971572
9780-FKVVF,0.3449652575388198
5649-TJHOV,0.34472918091107063
0623-GDISB,0.34456346642777763
1215-VFYVK,0.3444717009447039
3589-PPVKW,0.3444443603825266
2842-JTCCU,0.34397140419319827
7579-OOPEC,0.34392845917979326
6202-DYYFX,0.3438434044144328
1258-YMZNM,0.3437011762030492
9700-ISPUP,0.3432561436806719
8751-EDEKA,0.3431203644113859
8660-BUETV,0.3426625389844526
4950-BDEUX,0.3423110674575619
0407-BDJKB,0.34226413282914847
9661-MHUMO,0.3420951215671868
1357-BIJKI,0.3420661801099164
0260-ZDLGK,0.3417243195345635
1307-TVUFB,0.3415765821991771
3707-LRWZD,0.3415382404832346
6987-XQSJT,0.3415208841345339
6591-QGOYB,0.34146626538613306
4958-GZWIY,0.3414211043343665
5424-RLQLC,0.3412960171532221
5924-IFQTT,0.34109327637536935
4109-CYRBD,0.3407214011133559
7850-VWJUU,0.34048641404012525
4824-GUCBY,0.3404175335373536
6845-RGTYS,0.3400319980894984
8016-NCFVO,0.3399370960054636
2272-UOINI,0.3396922976049326
2869-ADAWR,0.3394802614042685
4432-ADRLB,0.3391082853817553
5154-VEKBL,0.33889269645534253
2157-MXBJS,0.33857924347714036
9873-MNDKV,0.3384166061251788
7459-RRWQZ,0.3381539019638897
5295-PCJOO,0.33804092637945726
7950-XWOVN,0.3378695804708322
0585-EGDDA,0.33783770127718465
0374-AACSZ,0.33779283566100526
4989-LIXVT,0.3373307156860705
8257-RZAHR,0.3373295483151325
8178-EYZUO,0.33705231073287995
7641-EUYET,0.3369710261816554
6173-GOLSU,0.3369199175464966
0080-OROZO,0.33691465834865
1205-WNWPJ,0.33673010965783806
1501-SGHBW,0.33651759639837636
1600-DILPE,0.3364279993507516
2519-LBNQL,0.33620390596018834
1548-FEHVL,0.3361430476565063
2189-UXTKY,0.33614010776333964
3808-HFKDE,0.3360925116120948
3946-MHCZW,0.33593976638661427
9089-UOWJG,0.3359002447932106
2873-ZLIWT,0.33587397357677734
1550-LOAHA,0.3356195864858018
7905-TVXTA,0.33551186169141356
5433-KYGHE,0.335189513610458
6253-WRFHY,0.33513865915725116
3345-PBBFH,0.3350798707642244
0596-BQCEQ,0.3347580454016554
9281-PKKZE,0.3343746054812209
3669-OYSJI,0.3341686966185154
6917-IAYHD,0.33414073920098747
7112-OPOTK,0.3335486817731314
2139-FQHLM,0.3333079553574362
9003-CPATH,0.33309500717089524
2770-NSVDG,0.33309192223531914
9644-UMGQA,0.3330674910437507
8564-LDKFL,0.3330579405673177
5018-GWURO,0.3330098826540517
2615-YVMYX,0.3329573279881304
4883-QICIH,0.33288746281556203
3164-AALRN,0.3328138149722708
3814-MLAXC,0.3328068022621472
6439-GTPCA,0.3327822909618846
0856-NAOES,0.3327041252529407
9079-YEXQJ,0.33269873722171467
8417-GSODA,0.3326770718109477
1928-BXYIV,0.3324583065948635
7669-LCRSD,0.332439463653194
1791-PQHBB,0.3321776858029581
0013-MHZWF,0.3320517696841327
0327-WFZSY,0.3318098891377054
8286-AFUYI,0.3316590722559681
7486-KSRVI,0.33143852968166726
7766-CLTIC,0.33142398860572103
3923-CSIHK,0.3313475866492953
6172-FECYY,0.33105914551247606
4320-QMLLA,0.33096628768552117
8149-AIQCG,0.330796139206397
3859-CVCET,0.3307591647375548
9862-KJTYK,0.3306266705411426
6921-OZMFH,0.3303791741784759
1552-AAGRX,0.33032599032875315
2011-TRQYE,0.3301702107709977
2883-ILGWO,0.32974530220617615
2403-BCASL,0.3296688998287622
2474-LCNUE,0.32927299619197375
4061-UKJWL,0.3290455937579243
0107-WESLM,0.32900369610447694
2133-TSRRM,0.3286815684348039
9919-YLNNG,0.32830546503489366
1421-HCERK,0.3282755238926586
3058-HJCUY,0.32799379117229993
9761-XUJWD,0.3278516065988614
1956-YIFGE,0.3277797253651467
7789-HKSBS,0.32753975046025763
7312-XSBAT,0.3273466308085544
5778-BVOFB,0.32725535916081805
6641-XRPSU,0.3272194211594338
0867-LDTTC,0.3271400287514748
3258-SANFR,0.3265871082780415
7554-AKDQF,0.3265864905318447
0363-QJVFX,0.3265472934323488
8552-OBVRU,0.3265333320309116
6874-SGLHU,0.3263995063144573
0980-PVMRC,0.3263844188147934
2101-RANCD,0.32635857627741965
1930-WNXSB,0.32609278289905375
3838-OZURD,0.3260807462758469
4176-FXYBO,0.325808557439452
6908-VVYHM,0.3252238369368559
6726-WEXXK,0.32514529943307413
7250-EQKIY,0.3250620256869202
0322-YINQP,0.3249460601445591
3580-REOAC,0.3249253271647489
1794-HBQTJ,0.3246268398098185
0929-PECLO,0.3244613081724177
8824-RWFXJ,0.32432425758749944
7878-JGDKK,0.3240485376631906
3194-ORPIK,0.32397470922701793
0348-SDKOL,0.3238907157971217
2957-LOLHO,0.32372558066450724
3571-RFHAR,0.32359478800306574
4558-FANTW,0.3231004328775719
0295-QVKPB,0.32268094985073853
6143-JQKEA,0.3226600979731715
7067-KSAZT,0.3225389991853373
5103-MHMHY,0.3224584008625549
0924-BJCRC,0.32237422779902947
2257-BOVXD,0.3223694827956655
5201-USSQZ,0.32193948074609124
4007-NHVHI,0.3215882357014735
2985-JUUBZ,0.32153242872336957
4183-WCSEP,0.3214442978763048
9158-VCTQB,0.32135394171347803
2929-QNSRW,0.32127083692742847
6599-GZWCM,0.32121042504659336
9909-IDLEK,0.32114240850343795
2115-BFTIW,0.3209476414261378
1658-XUHBX,0.3209412038612138
8901-HJXTF,0.3208661682198341
4026-SKKHW,0.32084915721943125
7055-HNEOJ,0.32074922387282656
2669-OIDSD,0.3204234085435044
9732-KPKBW,0.3202189140805966
0822-QGCXA,0.320210793847179
2378-HTWFW,0.3201887643896325
1763-WQFUK,0.31995345239556316
4143-HHPMK,0.3199099767859278
6888-SBYAI,0.31985276387785133
8840-DQLGN,0.3197937413864427
7794-JASDG,0.3197348187884645
6614-VBEGU,0.31970988212767754
8399-YNDCH,0.3196459658308194
7963-GQRMY,0.3195489463788263
4280-DLSHD,0.31931563577111993
8623-TMRBY,0.31927814642552826
6844-DZKRF,0.3190009907230594
5133-VRSAB,0.3189708685120094
1862-SKORY,0.3187692201964091
7248-VZQLC,0.31865785454512385
1432-FPAXX,0.31833322908719186
3845-FXCYS,0.31799650497222537
2455-USLMV,0.31779804891354846
3018-TFTSU,0.3171179257472219
8152-UOBNY,0.3171046987986827
2320-JRSDE,0.31706766739097736
8677-HDZEE,0.3168492404929016
2632-UCGVD,0.3167655091347561
7251-LJBQN,0.3160511807075782
5035-PGZXH,0.3160467413156716
1564-HJUVY,0.3160230123504062
6646-QVXLR,0.3159526041087718
3503-TYDAY,0.3152900077620059
4983-CLMLV,0.31524496768458377
5628-RKIFK,0.3146060849827113
6199-IWKGC,0.3145131422298938
6770-XUAGN,0.3144903389639626
7009-LGECI,0.3144832439079009
4720-VSTSI,0.3142945960987337
5141-ZUVBH,0.31393993324856856
1370-GGAWX,0.31375328363285404
1548-ARAGG,0.3135253541824292
5939-XAIXZ,0.3134640791468613
3466-WAESX,0.31330825575340376
2302-ANTDP,0.3131398730619743
0774-IFUVM,0.3127633041529802
1213-NGCUN,0.31215184615726344
2181-UAESM,0.31210916344181844
2692-PFYTJ,0.3118953262781331
7826-VVKWT,0.3117669153875535
0691-IFBQW,0.3116137752464124
3606-SBKRY,0.3115161557409916
4819-HJPIW,0.31141317997286444
3898-GUYTS,0.3111567921226335
6807-SIWJI,0.3108839244466292
3683-QKIUE,0.3107025322381687
8757-TFHHJ,0.3106666129008737
0129-KPTWJ,0.310664304354797
6257-RJOHI,0.3106181134096569
6713-OKOMC,0.31039429578779437
8229-MYEJZ,0.31021529523251407
4462-CYWMH,0.30995847819032024
8805-JNRAZ,0.3097451598451764
2858-EIMXH,0.3096876558161877
6288-LBEAR,0.3094914577229595
9774-NRNAU,0.30932260812583595
2144-BFDSO,0.3092497923012834
3946-JEWRQ,0.3091560883067157
5949-HGVJL,0.3090330596062545
3521-SYVOR,0.3088106930504883
8387-MOJJT,0.30814889123940237
6821-JPCDC,0.30801609270776376
4080-OGPJL,0.30797256452489746
0734-OXWBT,0.30779223472682826
4695-VADHF,0.3076228510137282
6982-UQZLY,0.3072448048895572
4554-YGZIH,0.3071861861552448
2792-VPPET,0.30683963848957535
5438-QMDDL,0.30679414813460376
3195-TQDZX,0.30646866147934143
8679-JOEVF,0.30643158428163797
4987-GQWPO,0.3064216103151919
3043-TYBNO,0.30633202888228755
9356-AXGMP,0.30616875993838966
9373-WSLOY,0.30611382231069123
1891-FZYSA,0.30577999692784286
0909-SDHNU,0.3057544244360926
7750-EYXWZ,0.30559575887126056
2533-TIBIX,0.3051872512425376
9108-EJFJP,0.3051167018405313
7623-TRNQN,0.30496954476941646
3815-SLMEF,0.30491720108447135
2565-JSLRY,0.3048642263852829
8404-FYDIB,0.30464461431826056
2842-BCQGE,0.30435209471279595
0929-HYQEW,0.3041050137632235
6905-NIQIN,0.30395840355234643
3873-NFTGI,0.3037705615153087
1842-EZJMK,0.3037637777317162
7047-FWEYA,0.3036337599658896
1024-KPRBB,0.30351549095214214
6576-FBXOJ,0.30347508782827015
5149-TGWDZ,0.30341364917449265
5402-HTOTQ,0.303409112969323
5485-WUYWF,0.3033857705463615
4361-BKAXE,0.30335085800550216
1541-ETJZO,0.3033431848467331
1976-AZZPJ,0.30279155682991615
0178-SZBHO,0.30272966515060473
5493-SDRDQ,0.30271864040345103
9776-CLUJA,0.30269636425809654
8896-BQTTI,0.30268539843792786
8749-JMNKX,0.30248355946664673
2886-KEFUM,0.30231504218446564
5207-PLSTK,0.30179842781879784
9481-SFCQY,0.3017641944975975
6664-FPDAC,0.3015343686473589
8761-NSOBC,0.3014504117939439
3009-JWMPU,0.3011764199283107
3594-KADLU,0.3011251580061507
4097-YODCF,0.3010840160450432
3567-PQTSO,0.30093581645829465
7537-CBQUZ,0.30091279393595827
1703-MGIAB,0.3008223407013974
2806-MLNTI,0.3007842435424566
1596-OQSPS,0.30064470832071405
5060-TQUQN,0.30059672652981884
7596-LDUXP,0.3004098102585773
7551-DACSP,0.30018374593240377
2674-MLXMN,0.30003135161291117
8651-ENBZX,0.2999885897904566
7521-AFHAB,0.2998553411954808
4012-ZTHBR,0.29964459863659454
7147-AYBAA,0.29915364720033205
9170-CCKOU,0.2985914526068519
1848-LBZHY,0.2983857744381301
5948-UJZLF,0.29833731616907133
5339-TJFEK,0.29830368506166266
1216-BGTSP,0.2982207155160625
4482-FTFFX,0.29816140892699455
7343-EOBEU,0.29779207578298394
4450-YOOHP,0.29778883248332527
7693-QPEFS,0.29768453648635385
8033-VCZGH,0.297445129890826
9822-WMWVG,0.29714633785392774
2898-LSJGD,0.2969273499904135
8455-HIRAQ,0.2967795795025081
6891-JPYFF,0.2967299244611972
4282-ACRXS,0.296477107790461
1596-BBVTG,0.2962099672327817
2479-BRAMR,0.29593253156056293
7396-VJUZB,0.2957583451611357
4396-KLSEH,0.2957504320208613
5527-ACHSO,0.2957408515253454
8740-XLHDR,0.29554111563556507
7854-EKTJL,0.29541822369754334
5780-INQIK,0.29535857819827355
6173-ITPWD,0.29532527737143843
4488-KQFDT,0.29507319644141683
3345-JHUEO,0.2944958888953833
0603-OLQDC,0.29434444914200014
1480-IVEVR,0.29423003937738795
2240-HSJQD,0.294009073305712
6599-CEBNN,0.29394388373682784
2817-NTQDO,0.29393549119989604
1996-DBMUS,0.29380200883867663
6507-DTJZV,0.2937541351420566
4080-IIARD,0.2936944109127412
3143-ILDAL,0.29352719926195153
4452-QIIEB,0.2934524814824814
9052-VKDUW,0.2932151303409402
1169-WCVAK,0.29318492249188377
0520-FDVVT,0.2931788181794981
3301-LSLWQ,0.2929574898966063
6234-PFPXL,0.29295579525306387
5686-CMAWK,0.29248215504509234
0979-PHULV,0.29219435127316395
8065-BVEPF,0.2919968225688117
1208-NBVFH,0.29198272185964946
1803-BGNBD,0.2917958777073872
6158-DWPZT,0.29177446500066584
5136-KCKGI,0.29173995044250367
4937-QPZPO,0.29059304369739736
2460-FPSYH,0.2905703277188972
4647-XXZAM,0.2905516193109079
0668-OGMHD,0.29050526269925575
9688-YGXVR,0.29048116544063296
1217-VASWC,0.29037107809256046
6344-SFJVH,0.29011623532435327
5336-UFNZP,0.29002832167913545
0461-CVKMU,0.2899332962146253
4724-WXVWF,0.2894581259014645
3062-ICYZQ,0.28936477847947556
2988-GBIVW,0.28929156016215096
8791-GFXLZ,0.2892823108660734
5071-FBJFS,0.28925364544168947
1089-HDMKP,0.2892218183548591
4831-EOBFE,0.28901808373617416
7133-VBDCG,0.28888443209301173
8388-FYNPZ,0.28863953586007973
3452-SRFEG,0.28861740277307923
8910-LEDAG,0.28840879393850777
2382-BCKQJ,0.2883366698478795
1422-DGUBX,0.28807067329577246
9445-ZUEQE,0.2879108662620196
5208-HFSBT,0.2878062952889988
6538-POCHL,0.2877767199404104
5309-TAIKL,0.28775285814309487
4130-MZLCC,0.287606160967193
6353-BRMMA,0.28744879050183314
4088-YLDSU,0.2870315273995418
7966-YOTQW,0.28689117190634894
2927-QRRQV,0.2868030445196349
6986-IJDHX,0.2867954880289943
2740-JFBOK,0.28676025121959736
7271-AJDTL,0.28657387606573903
7742-MYPGI,0.28640345380906107
6559-RAKOZ,0.28639132565964737
9327-QSDED,0.28618903407802776
5600-PDUJF,0.28608010283057794
0691-NIKRI,0.2860726252638646
1809-DMJHQ,0.28596245371790746
3097-PYWXL,0.28557779376363857
6854-EXGSF,0.2855404130580537
4238-HFHSN,0.2853557808997057
3511-APPBJ,0.28535288565692685
7661-CPURM,0.28519528315214554
8799-OXZMD,0.2846602323132082
2190-BCXEC,0.2846081320541508
2045-BMBTJ,0.2846065194356423
2778-OCLGR,0.2845456948423561
7993-NQLJE,0.28431599043163225
6896-SRVYQ,0.2842810555507979
3689-MOZGR,0.2842379516053973
9489-UTFKA,0.2841636655843764
4250-WAROZ,0.2840462827312508
8728-SKJLR,0.2840339026413487
2027-OAQQC,0.28382641023320976
4628-WQCQQ,0.2837739018791746
7245-JMTTQ,0.2837718960507948
6360-SVNWV,0.28366770009807946
6578-KRMAW,0.28366348805654523
9681-KYGYB,0.2835189687976897
7449-HVPIV,0.28350941530911056
9137-NOQKA,0.2834770479906227
8201-AAXCB,0.28340581857471897
9767-FFLEM,0.28315099497022317
7621-VPNET,0.28309636467219607
3657-COGMW,0.2827080027933711
6207-WIOLX,0.28262793884683196
1784-EZDKJ,0.2825514536237922
8294-UIMBA,0.2825301451135409
7814-LEEVE,0.282439285468604
8807-ARQET,0.2823619387634338
6954-OOYZZ,0.28227974823933516
5311-IHLEI,0.2822494100479305
8812-ZRHFP,0.28209619412040543
1456-TWCGB,0.282042955311212
8967-SZQAS,0.28169660387086976
9396-ZSFLL,0.28169541689581346
6818-WOBHJ,0.28166463090805727
9419-IPPBE,0.2815504129911033
9912-OMZDS,0.2813313595858667
4256-ZWTZI,0.2811538460347315
1353-LJWEM,0.2810616257119197
0486-HECZI,0.2809854943122221
3842-QTGDL,0.2808305111658482
4291-HYEBC,0.2806833210457286
0512-FLFDW,0.2805464072440357
4307-KTUMW,0.28045213950654574
0326-VDYXE,0.2803865505051405
4468-YDOVK,0.28020782775102526
8050-WYBND,0.2801113287292751
0799-DDIHE,0.2799391772499739
7587-AOVVU,0.2797794286871141
9544-PYPSJ,0.27968004724589773
7629-WIXZF,0.27905408465458453
8205-MQUGY,0.27899285383743677
3865-QBWSJ,0.278740769084925
9776-OJUZI,0.27872828080959033
2293-IJWPS,0.27872138168898997
5076-YVXCM,0.2786672367978222
6769-DYBQN,0.2785753351468867
5274-XHAKY,0.27848015605825044
5371-VYLSX,0.2784591893186443
3656-TKRVZ,0.2784199321573658
4324-BZCKL,0.27791315910649
3522-CDKHF,0.27775942681163146
9254-RBFON,0.27762879367214693
7351-MHQVU,0.2775780538466005
6351-SCJKT,0.277431178084014
4010-YLMVT,0.2774148334437261
3717-LNXKW,0.2774124618989606
3030-YZADT,0.27738567082484733
6791-YBNAK,0.2772081297425358
0406-BPDVR,0.2770255757184295
8679-LZBMD,0.2768947462684503
2320-SLKMB,0.27687297954986806
1582-RAFML,0.2768640808855853
4001-TSBTV,0.27679858631446197
0100-DUVFC,0.27679296403302966
2937-FTHUR,0.2765468494738796
5575-TPIZQ,0.27652797401038
3113-IWHLC,0.276344233711711
7346-MEDWM,0.2763344233031581
2623-DRYAM,0.27630945426001846
2075-RMJIK,0.2760272991880512
1360-JYXKQ,0.27593011491007396
8095-WANWK,0.2756943634071762
2108-YKQTY,0.27525734700196003
5553-AOINX,0.2752218812191757
2172-EJXVF,0.2750857986460094
0643-OKLRP,0.2749902309160799
2810-FTLEM,0.27473502585755966
4310-KEDTB,0.2746623793917285
3668-QPYBK,0.27452730890045113
2480-JZOSN,0.2745193423857808
1656-DRSMG,0.27443927865451206
3566-VVORZ,0.2743702411988674
8049-WJCLQ,0.2742130277689949
7594-LZNWR,0.2738904544654675
1098-TDVUQ,0.2738656816794417
0237-YFUTL,0.27371828992992586
3604-WLABM,0.27338095710505805
8111-BKVDS,0.273266054390876
8652-YHIYU,0.2728049648423213
7426-GSWPO,0.27274035351693676
8992-CEUEN,0.2724065553068759
9163-GHAYE,0.2724043960643937
9314-QDMDW,0.27239323544337607
0060-FUALY,0.27200890556587964
2955-PSXOE,0.27182176579325135
2267-WTPYD,0.2718028367782932
4608-LCIMN,0.2716677822529915
7501-VTYLJ,0.27164606645002043
2195-VVRJF,0.27157015674768603
8885-QSQBX,0.2715147741084655
2273-QCKXA,0.2715071989551316
3629-WEAAM,0.271463148055113
0761-AETCS,0.2714404262289254
4123-FCVCB,0.27137526165531783
7410-KTVFV,0.27133018728448194
4191-XOVOM,0.27109558234968373
1575-KRZZE,0.27085600767062756
5843-TTHGI,0.2706376350149374
1156-ZFYDO,0.27047644988979613
3325-FUYCG,0.27036842517926346
2604-XVDAM,0.2703124115354004
2391-SOORI,0.2702845740975305
8495-LJDFO,0.2699503486102961
2931-SVLTV,0.2699282265915938
5804-HYIEZ,0.2696223216970069
8705-DWKTI,0.26943518481475676
3685-YLCMQ,0.2693759828904294
8980-WQFWL,0.26882560538319167
7921-LMDFQ,0.26845724092935075
9103-TCIHJ,0.2684494869739743
8620-RJPZN,0.26844847726590454
4070-OKWVH,0.26813546417907996
2207-OBZNX,0.2681136358351088
8450-JOVAH,0.2677130160319207
5630-AHZIL,0.2675708980016391
5651-CPDND,0.26753783023866456
7016-BPGEU,0.2675312088883259
9948-YPTDG,0.267410153128142
7683-CBDKJ,0.2673103087338386
2433-KMEAS,0.26728002175083587
6121-VZNQB,0.2671572235785024
0823-HSCDJ,0.2668836219622416
9564-KCLHR,0.26681423690631817
0471-ARVMX,0.2667345369216781
7285-KLOTR,0.266688746456726
8267-ZNYVZ,0.2666013303647129
7298-IZWLY,0.2665207666853557
8566-YPRGL,0.26630882902678327
1622-HSHSF,0.26620290046659745
4588-YBNIB,0.2660969987596317
2625-TRCZQ,0.2660106524896569
1074-AMIOH,0.2659209222787307
3701-SFMUH,0.26549337615129787
4800-VHZKI,0.26546215273440177
4791-QRGMF,0.26521723018410537
3404-JNXAX,0.2651915268390709
6366-XIVKZ,0.26512872906437907
8722-NGNBH,0.26503907727308595
1899-VXWXM,0.26500904631649563
4897-QSUYC,0.2649338538184905
7839-QRKXN,0.2648282747645534
0670-KDOMA,0.2647227226325798
2876-VBBBL,0.2647227226325798
2828-SLQPF,0.26468139724964934
8073-IJDCM,0.26461719742778345
4634-JLRJT,0.26451169915536765
3016-KSVCP,0.2642516228155732
7041-TXQJH,0.2641829969235851
7869-ZYDST,0.2640120848748522
4612-THJBS,0.2637626728753905
8755-IWJHN,0.2637504463551042
1871-MOWRM,0.26370320340340275
2259-OUUSZ,0.2635725292164926
2480-EJWYP,0.2633841429850334
0191-ZHSKZ,0.2633356469542352
7595-EHCDL,0.263306392541719
7356-IWLFW,0.2632917740903517
4177-JPDFU,0.2632294330041339
6313-GIDIT,0.26307753852362536
5949-EBSQK,0.26302621026364703
6967-QIQRV,0.262967919265001
7291-CDTMJ,0.26292177287459734
2731-GJRDG,0.2625041114711891
2279-AXJJK,0.2624945770741557
3424-NMNBO,0.2622105740538193
1493-AMTIE,0.26176755680197367
0575-CUQOV,0.26173638998703663
4232-JGKIY,0.26160468055323755
8263-OKETD,0.26156788093251926
3132-TVFDZ,0.2615163374536407
2832-SCUCO,0.2613971306530795
5651-WYIPH,0.2613914821244028
2607-FBDFF,0.2613887740667953
2267-FPIMA,0.2612086968554567
5002-GCQFH,0.261087649712342
7617-EYGLW,0.2610813298212249
3007-FDPEA,0.2609437142667733
5180-UCIIQ,0.26063045261593837
8647-SDTWQ,0.26046040896146866
3577-AMVUX,0.26009917412077366
5143-WMWOG,0.26003666155953037
7905-NJMXS,0.25938629268096614
5443-SCMKX,0.25937706860607695
0419-YAAPX,0.2593110652753975
2153-MREFK,0.2592958240055455
7054-ENNGU,0.25913585490738156
9825-YCXWZ,0.2591058522517992
7893-IXHRQ,0.258786643752057
5088-QZLRL,0.25857868810943063
1215-FIGMP,0.2583709621900772
4851-BQDNX,0.25829375110856656
2003-CKLOR,0.25807268704803626
5136-GFPMB,0.258002126725094
2684-EIWEO,0.2578053500766301
5624-RYAMH,0.2577524150419989
9318-NKNFC,0.25773290707321966
6184-DYUOB,0.2569853921918495
7673-LPRNY,0.2568943338837225
6773-LQTVT,0.25689118009065476
4667-OHGKG,0.2568004521664356
3419-SNJJD,0.2566706089918465
7319-VENRZ,0.256590364649826
4250-FDVOU,0.2564609705122273
5906-BFOZT,0.2563867371580103
6815-ABQFQ,0.25631842369535446
6633-SYEUS,0.2562963705403684
0618-XWMSS,0.2562750693417305
7989-CHGTL,0.25618004349261947
8198-RKSZG,0.25595607244727403
1935-IMVBB,0.2559294345442367
2465-BLLEU,0.2558702078912962
4524-QCSSM,0.25585640132658766
5066-GFJMM,0.2558191793404473
4986-MXSFP,0.2556712621785741
2369-FEVNO,0.2555606182701297
9881-VCZEP,0.2555090240369997
0058-EVZWM,0.25549621159668406
0871-OPBXW,0.25547359996465774
4797-AXPXK,0.25546122056682635
1104-FEJAM,0.25542405112128586
9835-ZIITK,0.25539847907192653
4661-NJEUX,0.2552512747453995
5973-EJGDP,0.2551840801986756
1240-KNSEZ,0.2551482149452303
1000-AJSLD,0.2551482149452303
6284-KMNUF,0.255021400683162
5356-RHIPP,0.2549421774325496
8305-VHZBZ,0.2549421774325496
6629-LADHQ,0.2549217568683503
2233-FAGXV,0.25486580178677565
2081-KJSQF,0.2548391997285174
3594-IVHJZ,0.2548047300083321
0742-MOABM,0.25473923526664616
7124-UGSUR,0.25457618701734414
6179-GJPSO,0.25455108333241794
8262-COGGB,0.2544275626928867
5996-DAOQL,0.2544275626928867
0843-WTBXE,0.25434964685626393
5423-BHIXO,0.2541812899517161
6942-LBFDP,0.25410290725010054
4957-TREIR,0.25393075355328454
2043-WVTQJ,0.2535102630129791
2924-KHUVI,0.25342800639654944
2208-NQBCT,0.25328108698347657
5337-IIWKZ,0.2527106764694774
3756-VNWDH,0.252479920612873
7129-AZJDE,0.2519268443232794
1794-SWWKL,0.25178670613092247
6469-QJKZW,0.2517753070695384
4693-VWVBO,0.25169385428712526
6689-VRRTK,0.2514028167215764
4456-RHSNB,0.25122490566007233
9374-YOLBJ,0.2511984450264354
8695-WDYEA,0.25116439237489735
0268-QKIWO,0.25115367325238874
8597-CWYHH,0.25114816030828047
2522-AHJXR,0.25111761590078685
3679-XASPY,0.250790709582482
5370-IIVVL,0.25070494779874974
3744-ZBHON,0.2506017261019589
7730-IUTDZ,0.2504194782208983
9027-YFHQJ,0.25027409167035075
0959-WHOKV,0.2502300609329996
5201-FRKKS,0.25018002807389067
4430-YHXGG,0.25012980710257715
3807-XHCJH,0.2496717092794793
7580-UGXNC,0.24904540399886238
4431-EDMIQ,0.24887330964885054
7074-STDCN,0.24886597769677296
2911-UREFD,0.24879634077123977
0568-ONFPC,0.24868812043850252
1685-VAYJF,0.24853702160065022
6572-ADKRS,0.24844056782791935
4692-NNQRU,0.24786527305384204
9360-AHGNL,0.2477352789114854
4415-WNGVR,0.24754019853302556
1423-BMPBQ,0.24722720336391216
2676-OXPPQ,0.24719057987343987
3413-DHLPB,0.24710845304528462
1087-UDSIH,0.24703823070035494
6917-YACBP,0.2470016754833557
1228-FZFRV,0.2468630625294257
7103-IPXPJ,0.24675718796565743
2640-LYMOV,0.24662229684555811
9629-NHXFW,0.24642081768701962
2393-DIVAI,0.2463163270433714
8003-EWNDZ,0.24607420260733634
7853-WNZSY,0.2460370443002601
2305-MRGLV,0.2457288490687249
2669-QVCRG,0.245666745102221
6680-NENYN,0.245662515085583
6897-UUBNU,0.24543290732491416
2782-JEEBU,0.2453732416526383
4767-HZZHQ,0.2452558260810328
8259-NFJTV,0.24491338857309908
9500-LTVBP,0.24472164686364578
8706-HRADD,0.24464265137325067
1360-RCYRT,0.24444313640200088
2709-UQGNP,0.24431252441939874
4255-DDUOU,0.24421239915119167
4118-CEVPF,0.24416564185620107
4945-RVMTE,0.24408785395017
7821-DPRQE,0.24400902273787486
6300-BWMJX,0.24393906992306677
4567-AKPIA,0.24390874067663218
2458-EOMRE,0.24361651979014734
8409-WQJUX,0.243590664947266
4832-VRBMR,0.24341249075710814
8205-OTCHB,0.2432749949507586
7402-PWYJJ,0.2430942658876434
0228-MAUWC,0.24295906558754854
7733-UDMTP,0.24266004891102144
0913-XWSCN,0.24259424163318244
6968-GMKPR,0.24254206347747484
1335-HQMKX,0.242487503624555
4672-FOTSD,0.2421395000191155
4646-QZXTF,0.24212233214638362
4781-ZXYGU,0.2420072995633644
6620-JDYNW,0.2417626799316456
2995-UPRYS,0.24162043469935587
3410-MHHUM,0.24154653064238302
0872-JCPIB,0.24144264275392413
0516-OOHAR,0.24123278189323258
3307-TLCUD,0.24109363068136833
0899-WZRSD,0.2409677055791872
6067-NGCEU,0.2407762627193352
9103-CXVOK,0.24066165515060825
0691-JVSYA,0.24021941456975682
7550-WIQVA,0.24019024785770962
0701-TJSEF,0.24006464078775475
9138-EFSMO,0.2399942885876627
5898-IGSLP,0.2399519175149955
7611-YKYTC,0.2397776629860726
0953-LGOVU,0.2396896495945066
4501-VCPFK,0.2395152329878983
0567-GGCAC,0.23930594734185812
7251-XFOIL,0.23922441911924341
0423-UDIJQ,0.23904588760599413
9614-RMGHA,0.23901636170692572
8992-OBVDG,0.2389637246851747
2826-UWHIS,0.2387867368681768
3620-MWJNE,0.23860042610700583
3780-DDGSE,0.23858089693169235
3714-JTVOV,0.23836774157714233
9039-ZVJDC,0.23825626666702177
7880-XSOJX,0.2380997626594208
7526-IVLYU,0.23795611089537855
0369-ZGOVK,0.23768734468522043
1470-PSXNM,0.237539156706516
8868-GAGIO,0.23741242372114643
1449-XQEMT,0.2371137981207777
5802-ADBRC,0.23711355818242655
8992-VONJD,0.23678283248615453
7610-TVOPG,0.23646994906286303
4338-EYCER,0.23638817660407105
2000-MPKCA,0.2363848393149567
7636-XUHWW,0.23625920425564992
4685-ERGHK,0.23625784166175628
0550-DCXLH,0.23580785617208452
6647-ZEDXT,0.2357772889175672
3584-WKTTW,0.2357563356995706
8930-XOTDP,0.23573003418446264
4390-KYULV,0.23555735640965716
5701-ZIKJE,0.23546724129228447
1324-NLTJE,0.23537543455399546
7853-GVUDZ,0.23536834028921214
3179-GBRWV,0.23531477714054014
0887-WBJVH,0.23530683459952087
4160-AMJTL,0.23526603911415395
9350-VLHMB,0.23505664381058672
1091-SOZGA,0.23485036119876568
5136-RGMZO,0.2344208276357355
7128-GGCNO,0.2343090276900259
0516-WJVXC,0.23411556096487302
2239-JALAW,0.23402928721987015
1453-RZFON,0.2339920293824791
9154-QDGTH,0.23389345249352383
2585-KTFRE,0.23372492097057196
0898-XCGTF,0.23363841389575643
4925-LMHOK,0.233530674835392
9833-TGFHX,0.23335269674133877
1958-RNRKS,0.23326684899679473
7398-LXGYX,0.23294235361556687
3144-KMTWZ,0.2329324878098547
9391-YZEJW,0.2325137538754917
7716-YTYHG,0.23237395092387886
6473-ULUHT,0.23223318044817456
1061-PNTHC,0.23221838221912158
1699-HPSBG,0.23171384663901126
7246-ZGQDF,0.23167760206761742
3572-UOLYZ,0.23164894603104666
3920-HIHMQ,0.23151085600035293
9537-VHDTA,0.23147467590203658
0853-NWIFK,0.2314029309919907
5131-PONJI,0.2311534982902479
5325-UWTWJ,0.2310881347473475
6483-OATDN,0.2307030869069863
9277-JOOMO,0.23068532894851915
8190-ZTQFB,0.23063104051997452
7722-CVFXN,0.2304525075699357
9375-MHRRS,0.23015756654942043
7089-XXAYG,0.23005938485300378
8023-QHAIO,0.22999238012097736
6345-HOVES,0.22997624651962015
5018-HEKFO,0.22996084552574894
8961-QDZZJ,0.22987134386071376
3090-LETTY,0.22986211649901092
8404-VLQFB,0.22984671663954268
8713-IGZSO,0.2297181111900976
5243-SAOTC,0.22948855831452117
1485-YDHMM,0.2294614311521276
3640-JQGJG,0.22942968881202022
5174-ITUMV,0.22909695236639868
3858-XHYJO,0.22881658506104227
5897-ZYEKH,0.22880340123674522
8735-IJJEG,0.22841586611711448
5445-GLVOT,0.2282722477091487
2408-TZMJL,0.22814820719584367
0690-SRQID,0.22793732636456884
7203-OYKCT,0.22792662091931995
3308-MHOOC,0.2277399706345599
7799-DSEWS,0.22759798916752505
4377-VDHYI,0.2275778584919611
1724-IQWNM,0.22754930438932802
6050-IJRHS,0.22745925444944207
2732-ISEZX,0.22738014382491312
1725-MIMXW,0.2272635162106985
8070-AAWZP,0.22712525210216716
2091-MJTFX,0.22707125980580653
5144-PQCDZ,0.22692419065733097
5712-VBOXD,0.22684480564613596
2346-DJQTB,0.2268302652572969
1041-RXHRA,0.22679788818689606
4918-FYJNT,0.22661366508839312
6728-VOIFY,0.22653218999934843
0463-WZZKO,0.22638290929760974
7446-YPODE,0.22635275101910984
9693-XMUOB,0.22634265929544314
6849-OYAMU,0.22599802864847637
5868-YTYKS,0.22574359427253773
9069-LGEUL,0.22566301811500655
4188-FRABG,0.22563190427496677
5188-HGMLP,0.2255666482448681
3472-OAOOR,0.2250053709444603
5828-DWPIL,0.22499340138204899
1450-SKCVI,0.22491897671762037
3537-HPKQT,0.22472624844142722
0215-BQKGS,0.22467038052025282
6281-FKEWS,0.22447451666723583
6778-JFCMK,0.22444741319239694
6270-OMFIW,0.2244361259391284
3466-BYAVD,0.22434614068198702
8267-KFGYD,0.2242308877689105
6421-SZVEM,0.22421403660187417
5028-HTLJB,0.22411453369371157
3709-OIJEA,0.22381777453857085
7549-MYGPK,0.22358965493552202
2947-DOMLJ,0.22358438778620973
4393-RYCRE,0.22347081531463164
8985-OOPOS,0.22277842518135269
5593-SUAOO,0.2225736497569294
3733-ZEECP,0.22198520099591765
3255-GRXMG,0.2217813194107856
2446-ZKVAF,0.22176062785561312
7776-QGYJC,0.22165844508100616
7746-AWNQW,0.22141973285137562
3982-XWFZQ,0.22131619532304622
2065-MMKGR,0.2212893052523743
4712-AUQZO,0.22095568219550082
8627-ZYGSZ,0.2207330301310345
5366-OBVMR,0.22070521913115015
6549-YMFAW,0.22063651212649912
4098-NAUKP,0.22059786135914514
8082-GHXOP,0.22044492111194525
5701-SVCWR,0.22031513770045033
0471-LVHGK,0.2203053418624074
0303-WMMRN,0.21994647157130892
2475-MROZF,0.21994617912303463
1986-PHGZF,0.21976495866500095
6839-ITVZJ,0.21976297358703795
0719-SYFRB,0.21959912993238973
3807-BPOMJ,0.21954858221361717
6397-JNZZG,0.2195466085295121
6476-YHMGA,0.21944171673024415
3694-GLTJM,0.21932689744506884
9323-HGFWY,0.21929431047391118
4350-ZTLPI,0.2190911565988337
2229-VWQJH,0.21900642375554372
3190-XFANI,0.21882122008781446
2087-QAREY,0.21880879703799302
3154-CFSZG,0.2185071682718148
1352-VHKAJ,0.21837390893833936
0895-LMRSF,0.21836681544643233
7409-JURKQ,0.21823878513553485
4003-FUSHP,0.21811514639623109
5186-EJEGL,0.21806300713120344
2478-EEWWM,0.21802613841952162
8715-KKTFG,0.21792239553546525
3890-RTCMS,0.21789620004982144
1356-MKYSK,0.21789152144258617
2080-SRCDE,0.21771831538611908
7426-WEIJX,0.21769813411664227
7976-CICYS,0.2176743758770893
5174-RNGBH,0.21752258664971294
5811-IWXYM,0.21745023422863943
5298-GSTLM,0.21721430387240107
5542-DHSXL,0.21714989529860695
5955-EPOAZ,0.2171250917818214
6345-ULYRW,0.2171077460670034
9705-IOVQQ,0.21707220035399616
3162-ZJZFU,0.2169941123166174
8919-FYFQZ,0.21659869099738738
4827-USJHP,0.21653182483642178
1410-RSCMR,0.21645789494430392
0877-SDMBN,0.2164074308983964
4324-AHJKS,0.21619671458336578
1448-CYWKC,0.2160738580319043
6898-MDLZW,0.2159205900157237
8217-QYOHV,0.21587247354343014
9572-MTILT,0.21577757607479905
7883-ROJOC,0.2157768817865669
5287-QWLKY,0.21571014342782785
7874-ECPQJ,0.21556266802695087
3638-DIMPH,0.21530723001508348
3521-MNKLV,0.21515446105006106
0187-WZNAB,0.21513487522954655
9033-EOXWV,0.21512726690015563
1169-SAOCL,0.21503982928309798
8329-GWVPJ,0.21493295144192015
4673-KKSLS,0.2148472927715072
0880-FVFWF,0.2147299422328593
8166-ORCHU,0.21453845907239927
6627-CFOSN,0.21423762613078998
1135-HIORI,0.21420096729186042
4869-EPIUS,0.21406115223351577
3097-IDVPU,0.21399828970378873
7130-CTCUS,0.21395836780357883
7957-RYHQD,0.21379865504922443
3870-MQAMG,0.21366495072096114
3842-IYKUE,0.21336234026972326
7919-ZODZZ,0.21335139266425945
2272-JKMSI,0.21326881823452729
2303-PJYHN,0.21316324660765057
9099-FTUHS,0.21269911669018993
9518-RWHZL,0.2125950328380337
6777-TGHTM,0.2125804860876283
7530-HDYDS,0.21239351696562656
7017-VFULY,0.2122639567752105
4194-WHFCB,0.21225203882083185
1814-DKOLC,0.21224325353897464
0807-ZABDG,0.21216830895696975
3347-YJZZE,0.2120503782128234
7607-QKKTJ,0.21199809443238138
2654-VBVPB,0.21179407205576434
8746-OQQRW,0.21175373567470437
8970-ANWXO,0.21165985017145494
7266-GSSJX,0.21152198506865932
3886-CERTZ,0.21144682001383133
7856-GANIL,0.21143989214585315
4544-RXFMG,0.21128442612872725
2673-CXQEU,0.21097541361331734
1394-SUIUH,0.21066903180642269
4486-EFAEB,0.21061690528721588
3230-WYKIR,0.21057164302302267
7109-MFBYV,0.21047601004076627
0956-ACVZC,0.2102762385121103
5067-XJQFU,0.21011907864654344
4365-MSDYN,0.20995560229705665
3407-QGWLG,0.20984931592928768
9828-QHFBK,0.20916071359325503
9578-FOMUK,0.20910717758889696
6231-WFGFH,0.20883356527130442
1684-FLBGS,0.20873215065420728
0096-FCPUF,0.2086056590433659
0365-TRTPY,0.2086002894504858
1984-FCOWB,0.208416210905677
1591-NFNLQ,0.2083753359499392
7016-NVRIC,0.2081642722379994
1698-XFZCI,0.20812444781783765
5846-QFDFI,0.20798748761304114
1855-CFULU,0.20798522564987992
3763-GCZHZ,0.2078931808395789
8979-CAMGB,0.20773836750559918
9817-APLHW,0.2075431885483494
6569-KTMDU,0.20733040617239484
7302-ZHMHP,0.2072413107229653
3055-OYMSE,0.2071080412807729
7395-XWZOY,0.20702512612023882
6890-PFRQX,0.20700770928451967
0103-CSITQ,0.20698746701128443
5708-EVONK,0.20695836158201128
2379-GYFLQ,0.20688347389938658
6994-ORCWG,0.20685811414945915
1591-MQJTP,0.2067718463029039
8663-UPDGF,0.20667828455977866
7551-JOHTI,0.20661843442483355
1905-OEILC,0.20661843442483355
8999-XXGNS,0.2065616020766967
2866-IKBTM,0.2065295652128382
8605-ITULD,0.2065295652128382
4541-RMRLG,0.2065153999517639
0308-IVGOK,0.20641930205664474
7721-DVEKZ,0.20635191162184455
0970-QXPXW,0.20635191162184455
8329-IBCTI,0.20635191162184455
6952-OMNWB,0.20629902706114714
9426-SXNHE,0.20628493319336005
6686-YPGHK,0.20626540497740967
8920-NAVAY,0.20619199780889075
6124-ACRHJ,0.20617437113853004
3059-NGMXB,0.20609971285870904
7622-NXQZR,0.2060666326958798
1135-LMECX,0.2059969437592017
7878-RTCZG,0.20590827248234317
3900-AQPHZ,0.20590827248234317
6654-QGBZZ,0.20590827248234317
8739-QOTTN,0.20585080541351986
5198-EFNBM,0.20580177778128553
8547-NSBBO,0.20564584087104854
5198-HQAEN,0.2055842658557762
6575-SUVOI,0.20557741107300562
8974-OVACP,0.2054653402062814
2592-YKDIF,0.20511150328413222
1963-VAUKV,0.2050231147294571
3727-JEZTU,0.2050231147294571
8295-FHIVV,0.20502140673051067
8734-FNWVH,0.20499212268734016
4913-EHYUI,0.20496783018696518
9753-OYLBX,0.20484642242718373
2002-MZHWP,0.20484642242718373
7694-VLBWQ,0.20482855378497358
4360-QRAVE,0.20466273298980278
8317-BVKSO,0.2043648699916301
7797-EJMDP,0.2042573227481965
7243-LCGGZ,0.20414078389182025
0426-TIRNE,0.20414078389182025
7434-SHXLS,0.20414078389182025
9837-FWLCH,0.20405407219360516
5624-BQSSA,0.20405270626548186
1386-ZIKUV,0.20402556397003677
1153-GNOLC,0.2038258760123299
1194-SPVSP,0.20377969477112984
8044-BGWPI,0.20370918491981752
3717-OFRTN,0.2036037996181956
9763-GRSKD,0.2034562855823148
0048-LUMLS,0.2031184164204453
7989-VCQOH,0.20310579153210756
1349-WXNGG,0.20307679235158513
9788-YTFGE,0.20302315158345438
7310-EGVHZ,0.20281367016544688
3682-YEUWS,0.20277894826578005
2834-SPCJV,0.20261345437904538
1710-RCXUS,0.20238184188720512
9844-FELAJ,0.2020832599356558
0733-VUNUW,0.2019738656831782
3541-ZNUHK,0.20192706388992054
2758-RNWXS,0.20170572755486182
5482-NUPNA,0.20163766539345182
4753-PADAS,0.20156625111074541
8952-WCVCD,0.20150330172808964
6728-WYQBC,0.20150187286737828
8963-JLGJT,0.20136932485366413
1697-NVVGY,0.20127704740677377
3981-QSVQI,0.20121966765312563
5334-JLAXU,0.20109439368438184
1707-HABPF,0.20100424403491082
6425-YQLLO,0.20100385231674717
8563-IIOXK,0.2009600546994803
8976-OQHGT,0.2009519992072049
1732-VHUBQ,0.20093425415001617
1397-XKKWR,0.20068038466198104
0114-RSRRW,0.20066238125356575
1614-JBEBI,0.20049693306898383
6439-LAJXL,0.20038017278634226
3927-NLNRY,0.2002667210404667
4016-BJKTZ,0.20011183082748196
2108-GLPQB,0.2000442276120185
5447-WZAFP,0.19997385482842994
4908-XAXAY,0.19988739913890327
6497-TILVL,0.1997276875677712
2308-STERM,0.19972407319994842
9975-SKRNR,0.1993556386292325
0396-HUJBP,0.1991251631842238
1015-OWJKI,0.19909613332134615
3736-BLEPA,0.19905166700535798
9441-QHEVC,0.19900968797823565
1663-MHLHE,0.1988368819246833
4923-ADWXJ,0.19874590923045074
3639-XJHKQ,0.19872595863299952
9139-WQQDY,0.19868342156397234
2599-CZABP,0.1985819284812718
5766-ZJYBB,0.19849160831688217
4187-CINZD,0.19842056438436745
8393-JMVMB,0.19840536042899642
1840-BIUOG,0.1983513644189382
2220-IAHLS,0.19834632995468376
0820-FNRNX,0.19832917673173575
1193-RTSLK,0.1982522126503688
1029-QFBEN,0.19823294926203502
7601-WFVZV,0.19823294926203502
0883-EIBTI,0.19817291946084564
3723-BFBGR,0.19812407467606544
2576-HXMPA,0.19808781342728618
6141-OOXUQ,0.19806065089902422
3785-NRHYR,0.19806065089902422
4237-CLSMM,0.19801463635689595
1051-GEJLJ,0.19798726961751667
6615-ZGEDR,0.19797454401604855
7134-MJPDY,0.1979493505200235
3930-ZGWVE,0.1978884653305034
7239-HZZCX,0.1978884653305034
6402-SSEJG,0.19782721741819886
4892-VLANZ,0.19780241484118735
1796-JANOW,0.19768349300782798
8562-GHPPI,0.19765751651221497
1113-IUJYX,0.19764790627682408
6286-SUUWT,0.19754443253848802
8006-PYCSW,0.19749508214718745
4877-EVATK,0.19745849482192504
7698-YFGEZ,0.19745849482192504
9943-VSZUV,0.19741425592257392
6806-YDEUL,0.19740918408989558
9821-BESNZ,0.19740714727488295
2542-HYGIQ,0.19739967668844166
2621-UDNLU,0.19738455898212817
7096-UCLNH,0.197372585295472
3030-ZKIWL,0.197372585295472
8749-CLJXC,0.197372585295472
9818-XQCUV,0.197308593472114
3148-BLQJT,0.19728670395788256
2342-CKIAO,0.1972070691191472
1066-JKSGK,0.1972008508079031
1934-SJVJK,0.1972008508079031
6380-ARCEH,0.19711502584427226
8048-DSDFQ,0.19711502584427226
3247-MHJKM,0.19711502584427226
4786-UKSNZ,0.19711502584427226
8203-XJZRC,0.1970292290657216
4211-MMAZN,0.1970292290657216
9831-BPFRI,0.19699346182934138
9512-PHSMG,0.19694914785567333
9122-UMROB,0.19694346047097477
2676-ISHSF,0.19694346047097477
3590-TCXTB,0.1968577200587484
3090-QFUVD,0.19679903699797655
6579-JPICP,0.1967720078277514
2668-TZSPS,0.19668632377668532
0673-IGUQO,0.19668632377668532
4745-LSPLO,0.19660066790424435
4785-NKHCX,0.19655810785939287
3313-QKNKB,0.19655460681928016
2839-RFSQE,0.19647537223606584
5315-CKEQK,0.19646539738027963
5049-GLYVG,0.19642944068997711
3976-NLDEZ,0.19642944068997711
1120-BMWUB,0.19638550641371988
4013-GUXND,0.1960873243466626
2111-DWYHN,0.19557499488226074
7025-IWFHT,0.1954692057263266
7808-DVWEP,0.19535770893780827
0621-HJWXJ,0.19519169419620455
0440-MOGPM,0.19511904675488564
5312-IRCFR,0.19476002454424782
8182-PNAGI,0.1946848376160048
5469-CTCWN,0.19445967051162827
4826-TZEVA,0.19432478899375855
1020-JPQOW,0.193963403440844
0991-BRRFB,0.19394457211083568
7108-DGVUU,0.1938628141074472
5827-MWCZK,0.19350557313946648
0314-TKOSI,0.1934928044710926
7241-AJHFS,0.1933455995064876
7078-NVFAM,0.19328974453807352
2843-CQMEG,0.193226718594256
7776-QWNFX,0.19294100526820365
0442-ZXKVS,0.19275472672756372
4797-MIWUM,0.19267491445379367
1110-KYLGQ,0.19262002669252734
3170-GWYKC,0.19257367829267202
8433-WPJTV,0.192511213073887
5760-WRAHC,0.19227502167289168
9909-DFRJA,0.19213982415595554
9481-IEBZY,0.19210153219802706
5702-SKUOB,0.1917967762865535
3806-YAZOV,0.1917534278321388
9097-ZUBYC,0.19144351291567618
6258-NGCNG,0.19128944798101938
9101-NTIXF,0.19116226280391668
0366-NQSHS,0.19105637432562064
1732-FEKLD,0.19071545828214487
4939-KYYPY,0.19066559073158904
5073-WXOYN,0.19062822890136547
7188-CBBBA,0.19059969965082305
7926-IJOOU,0.19046675695328708
2750-BJLSB,0.1904469417625847
8150-QUDFX,0.19043364601684215
0137-UDEUO,0.19029636078861648
0786-IVLAW,0.19010073749206163
3936-QQFLL,0.19005155922983874
6734-CKRSM,0.190032356494955
0030-FNXPP,0.19000164514047693
6574-MCOEH,0.18999509569305412
4760-XOHVN,0.18995008491475646
0178-CIIKR,0.18986626572114307
5919-VCZYM,0.18969046849446794
8189-HBVRW,0.1896228972479883
4138-NAXED,0.18946519290644742
3339-EAQNV,0.189345889648844
9770-LXDBK,0.18932747353246884
9700-ZCLOT,0.18932720644158632
0188-GWFLE,0.18928659322477456
6469-MRVET,0.18911227048217072
5067-DGXLL,0.1890838824282274
9962-BFPDU,0.1889509480236747
9025-ZRPVR,0.18893831191243782
4195-SMMNX,0.18875206411393358
5562-YJQGT,0.188697211480801
2284-VFLKH,0.18867330007372843
0816-TSPHQ,0.18856218601043587
5569-IDSEY,0.1884874926888155
9708-KFDBY,0.18838544057769344
5989-OMNJE,0.18823799809029254
6907-CQGPN,0.18820801284901084
3803-KMQFW,0.18812141717451109
2700-LUEVA,0.18805405560006971
4800-CZMPC,0.18804006173052218
6475-VHUIZ,0.18803436075430957
7088-FBAWU,0.18768948997221346
3847-BAERP,0.18768242704318927
1666-JZPZT,0.18748567770096758
4936-YPJNK,0.1872624444748774
4184-VODJZ,0.18725358520125943
8735-DCXNF,0.18691128491598463
5639-NTUPK,0.18681044312119113
3523-QRQLL,0.18675818734482855
3506-LCJDC,0.1867092670802777
5945-AZYHT,0.1866469256717527
8495-PRWFH,0.18649301837801596
9986-BONCE,0.18630495965237634
8091-TTVAX,0.1862748842620068
9571-EDEBV,0.18619598604841092
7140-ADSMJ,0.18589478408403162
5734-EJKXG,0.18570612575428044
1784-BXEFA,0.18562819142353848
9659-ZTWSM,0.18544814349436936
8292-TYSPY,0.1853211148924733
5481-NTDOH,0.185303235193482
8148-BPLZQ,0.185120038258123
3445-HXXGF,0.18503524786945516
4789-KWMXN,0.18496535284680288
1385-TQOZW,0.18457412531130737
6723-WSNTY,0.18440743160042036
1641-BYBTK,0.18417050419113673
3794-NFNCH,0.18411525824675817
9820-RMCQV,0.18387987279514345
4700-UBQMV,0.18385632107744998
7544-ZVIKX,0.18380905822662474
7163-OCEQI,0.183763969938349
2858-MOFSQ,0.1837629456740532
9142-KZXOP,0.1837413556650032
3199-NPKCN,0.18370547213600613
1545-ACTAS,0.18345657947567565
7175-NTIXE,0.18343038822010746
9565-JSNFM,0.1834034663801983
2959-EEXWB,0.18314428553729076
8444-WRIDW,0.1830352902788618
8421-WZOOW,0.18297478942468517
4676-MQUEA,0.1829398937428016
7854-EDSSA,0.18285642749825368
8053-WWDRO,0.18274119769860286
4283-IVYCI,0.18267685061044667
3373-YZZYM,0.18257083266550694
6776-TLWOI,0.18253674601081799
7619-ODSGN,0.18252303846765724
8945-MUQUF,0.18247232847579087
9057-MSWCO,0.1823658355809827
1336-EZFZY,0.1823593079193117
0617-FHSGK,0.18234335981087701
4860-YZGZM,0.18233864460398352
4397-FRLTA,0.18224556627738503
1134-YWTYF,0.182244775805533
6383-ZTSIW,0.18213591149895864
0409-WTMPL,0.1820672037239008
6131-FOYAS,0.182056675901727
1502-XFCVR,0.18202761689018374
0247-SLUJI,0.181763034479987
5687-DKDTV,0.18160967528841296
5515-IDEJJ,0.18144069457063816
6394-HHHZM,0.1808231747411939
9496-IVVRP,0.180717993417434
7083-YNSKY,0.1806034898954581
3982-DQLUS,0.18054433710019469
2155-AMQRX,0.1804306407933032
8731-WBBMB,0.18032821799648552
4472-VESGY,0.1800809486546167
4083-BFNYK,0.1799758258785162
3272-VUHPV,0.17986568229538588
4190-MFLUW,0.1797885218933009
9058-HRZSV,0.1797322707868257
2402-TAIRZ,0.17972138567422408
3675-YDUPJ,0.1793712842994664
1735-XMJVH,0.17936976493292314
5688-KZTSN,0.17898290167824366
2186-QZEYA,0.17897347609569308
9040-KZVWO,0.1788608402202849
9701-CDXHR,0.17860336335489088
0330-BGYZE,0.17857241971358875
1629-DQQVB,0.17854888725667173
7356-AYNJP,0.17841063239216032
3999-WRNGR,0.17837445027788293
9972-VAFJJ,0.17830126205793972
2252-JHJGE,0.17804997176562354
3635-JBPSG,0.17793047602128428
2212-LYASK,0.17790092216391645
9342-VNIMQ,0.17788505873380997
4710-FDUIZ,0.17778622445380246
5140-FOMCQ,0.1776346315393095
4903-UYAVB,0.17750937486868112
9402-CXWPL,0.1773524648543521
4198-VFOEA,0.17731015021033042
2659-VXMWZ,0.17715399771554038
6261-LHRTG,0.1770745309213402
4182-BGSIQ,0.1769142192276324
2957-JIRMN,0.1766703303407361
4929-ROART,0.17666725735986596
2359-QWQUL,0.17657445719094866
3468-DRVQJ,0.17655607246081528
5150-LJNSR,0.17654734138971578
5222-JCXZT,0.1763261906514235
8410-BGQXN,0.17629455447350825
1170-SASML,0.17618438182065674
1229-RCALF,0.1761564740908744
7234-KMNRQ,0.1760950334135456
8319-QBEHW,0.17590980394157354
5074-FBGHB,0.175769402613534
3977-QCRSL,0.1754799428502309
3363-EWLGO,0.1754492010832734
0479-HMSWA,0.17539228476118465
9101-BWFSS,0.17519336149321246
4701-MLJPN,0.1751094059882407
4558-CGYCZ,0.1750910936712422
7785-RDVIG,0.17507887610780745
6959-GQEGV,0.17491166635324212
5155-AZQPB,0.17485533195627825
1465-WCZVT,0.17476724524090348
0580-PIQHM,0.17474733156972647
0130-SXOUN,0.17469400358639203
0156-FVPTA,0.17463477147276912
5510-BOIUJ,0.17455856997829455
6128-DAFVY,0.17415172839808002
7123-WQUHX,0.17409447681850387
0927-CNGRH,0.17409030897839478
9618-LFJRU,0.17402780077952756
6849-WLEYG,0.17377868608526323
8314-DPQHL,0.17365586203310296
2946-KIQSP,0.17364062481315082
4291-HPAXL,0.17362303989506972
9978-HYCIN,0.17361065720689373
1755-RMCXH,0.17350765827659725
9367-OIUXP,0.17334835617070032
2812-SFXMJ,0.1733120779003759
5268-DSMNQ,0.17327727214744135
3164-YAXFY,0.1730475841642075
6733-LRIZX,0.17279538258429275
6797-UCJHZ,0.17268756557913184
7143-BQIBA,0.17266639334182096
3863-IUBJR,0.17241153616366267
3645-DEYGF,0.17222717727128012
4316-XCSLJ,0.17215755475393438
1409-PHXTF,0.17198797633878626
7036-ZZKBD,0.1719359376788061
8439-LTUGF,0.1717923126493407
2616-UUTFK,0.17168798038139987
1222-LRYKO,0.17166736459188753
3675-EQOZA,0.17139771278373003
1867-TJHTS,0.17134429857064123
1625-JAIIY,0.17078669784955292
2237-ZFSMY,0.17077385064664177
5473-KHBPS,0.1707687210967538
5876-HZVZM,0.17062791274891653
4868-AADLV,0.17051027915674855
6728-CZFEI,0.17031049331702705
6296-DDOOR,0.1702630284670137
0384-RVBPI,0.17014781191999545
2851-STERV,0.16998181016016115
3402-XRIUO,0.16978528835288687
6303-KFWSL,0.16947711487627837
1337-BOZWO,0.16932866018113996
2270-CHBFN,0.1693274429014074
6097-EQISJ,0.16925226068210317
1142-IHLOO,0.1690580387130521
5590-ZSKRV,0.16903567477980067
5951-AOFIH,0.16890310236736647
9651-GTSAQ,0.1685877296731009
7811-JIVPF,0.16847294933441664
4323-OHFOW,0.16847279388597333
6617-WLBQC,0.16836468356483938
1297-VQDRP,0.16828704010931494
0595-ITUDF,0.1681138118564497
4140-WJAWW,0.16810122773877734
6377-KSLXC,0.16803237854699168
7740-BTPUX,0.16802070145577294
0851-DFJKB,0.16785164441323722
3156-QLHBO,0.1678420830679119
2486-WYVVE,0.1677473643072614
0639-TSIQW,0.16773784829230642
5850-BDWCY,0.1677006766520265
2439-QKJUL,0.16767795348447034
0870-VEMYL,0.16746148102998198
6972-SNKKW,0.16742242787249073
2716-GFZOR,0.16723473437123784
6112-KTHFQ,0.16722626742208807
4776-XSKYQ,0.16714209309431996
9391-DXGGG,0.1670690850308569
6621-YOBKI,0.1668289818287669
2692-AQCPF,0.1666248130713038
0961-ZWLVI,0.1666028327372722
0278-YXOOG,0.16660249391310997
1925-GMVBW,0.16652870391238025
2928-HLDBA,0.16648249930576944
0549-CYCQN,0.16641525409558205
0031-PVLZI,0.1664134851550065
0939-EREMR,0.1662898678032863
7639-SUPCW,0.16609138410677177
7502-BNYGS,0.1660817808237667
7845-URHJN,0.16604743387543208
7787-BNTZM,0.16586342686319733
3417-TSCIC,0.1658448399132408
2410-CIYFZ,0.1658405213870172
1009-IRMNA,0.1657671807841338
6131-JLWZM,0.1655236729599818
6743-HHQPF,0.16545696581142147
7219-TLZHO,0.16510007306438498
9036-CSKBW,0.1650488348251986
7706-DZNKK,0.16485696805443392
4277-UDIEF,0.16484533515059607
4946-EDSEW,0.16416715154250966
0292-WEGCH,0.16405369815308124
3948-FVVRP,0.1640451336451303
0484-FFVBJ,0.16371907063330546
3039-MJSLN,0.16367411852109373
4455-BFSPD,0.16358985583572946
3470-BTGQO,0.1634154551529222
9501-UKKNL,0.16333125896558978
7663-ZTEGJ,0.1630324282222781
6447-GORXK,0.1626847282372793
5206-HPJKM,0.1626329339517486
1768-HNVGJ,0.16239692987767576
5832-EXGTT,0.16234705585321374
5766-XQXMQ,0.16226492532239023
2320-YKQBO,0.16224632509011222
7968-QUXNS,0.1619977976231493
8878-RYUKI,0.16198431966336996
0620-XEFWH,0.16196682565426468
1383-EZRWL,0.1619016798424651
8250-ZNGGW,0.16176643844869343
2978-XXSOG,0.16159938344374236
9970-QBCDA,0.16151004279628475
0523-VNGTF,0.16119473084559835
9938-EKRGF,0.1611675595548917
3948-XHGNA,0.1608975285093924
6671-NGWON,0.1608859644810383
6769-DCQLI,0.16088008555201988
6227-FBDXH,0.16080773603861748
0373-AIVNJ,0.16075294752970773
3703-TTEPD,0.16071192747303806
3530-CRZSB,0.16064414377586894
7299-GNVPL,0.16046045276315518
4495-LHSSK,0.160280794740062
2159-TURXX,0.16024226530083316
3253-HKOKL,0.16019776379222747
3221-CJMSG,0.16004370819634717
1518-OMDIK,0.16002273009150897
2896-TBNBE,0.16000050608028843
2560-PPCHE,0.15995670614763616
1585-MQSSU,0.15989848954980285
5168-MQQCA,0.1598751053680457
9974-JFBHQ,0.15984248073412835
7521-YXVZY,0.15952986550960882
6322-PJJDJ,0.15951076747075435
6490-FGZAT,0.15941083680310184
3786-WOVKF,0.1593101518138742
5448-VWNAM,0.15927636766727002
0239-OXEXL,0.15911271241089217
3275-RHRNE,0.15897755015142132
4644-PIZRT,0.15873119504016603
9644-KVCNC,0.15840996676412508
0222-CNVPT,0.15828836210078326
7764-BDPEE,0.15828204973845883
5732-IKGQH,0.1581548426205405
3413-CSSTH,0.15813637757262672
1573-LGXBA,0.15811595072534546
7094-MSZAO,0.158002494966879
1360-XFJMR,0.15790515613757727
8644-XYTSV,0.15789779822031916
0305-SQECB,0.15772492930346452
5640-CAXOA,0.15711809412993308
2748-MYRVK,0.15710439565390702
9470-RTWDV,0.15689446699496143
4816-OKWNX,0.15666125672132927
5985-BEHZK,0.1564926994026182
8033-ATFAS,0.15630273680352522
7868-BGSZA,0.1562044111454533
6341-AEVKX,0.15615150963252009
0002-ORFBO,0.1560146152791225
4895-TMWIR,0.15601415986047396
0584-BJQGZ,0.15589063853793153
2040-OBMLJ,0.1556243283284408
4332-MUOEZ,0.15555719373834037
8785-EPNCG,0.15546716589865614
6979-TNDEU,0.155399948876563
4747-LCAQL,0.1552683472330883
6738-ISCBM,0.15503104611173932
4132-POCZS,0.15492220162916087
9494-BDNNC,0.1548967848077151
8849-PRIQJ,0.15477989923173202
6008-NAIXK,0.15472351018757322
8080-POTJR,0.15459230132205856
2898-MRKPI,0.15451174807546622
2791-SFVEW,0.15447755313252118
5345-BMKWB,0.1542787375191358
2722-VOJQL,0.15416297373004206
2969-WGHQO,0.1538955229062972
6164-HXUGH,0.15383536583838373
3077-RSNTJ,0.15383221219268503
1389-WNUIB,0.15382544854079366
7674-YTAFD,0.15376966713506582
1257-SXUXQ,0.1537286739484925
0810-BDHAW,0.15359327577856205
8849-GYOKR,0.15354355195368163
1017-FBQMM,0.1534949223964468
4701-AHWMW,0.15320666432618452
0750-EKNGL,0.153126921195694
5014-WUQMG,0.15283787606731125
9929-PLVPA,0.15278520155568154
9746-MDMBK,0.15257721283005965
4710-NKCAW,0.1525637775933791
2234-XADUH,0.1524045868409464
7727-SHVZV,0.15208750834458953
2908-ZTPNF,0.152006416400295
9475-NNDGC,0.15170747836099577
6583-SZVGP,0.15162496763036787
5197-PYEPU,0.15155014793365065
8474-UMLNT,0.15141385879988256
8216-AZUUZ,0.15138705117933457
5343-SGUBI,0.15127996214378137
6563-VNPMN,0.1511220344820399
4075-JFPGR,0.15100227924810183
0206-TBWLC,0.15062764695423891
7777-UNYHB,0.15059450980020048
1202-KKGFU,0.15050406986238088
6214-EDAKZ,0.15047680620325932
3752-CQSJI,0.1504707559242546
1116-DXXDF,0.1504628238447881
9249-FXSCK,0.15032951892764268
7361-YPXFS,0.1501305158553894
7989-AWGEH,0.15006218406652058
0128-MKWSG,0.1499756656975992
7105-MXJLL,0.14996585176039628
4023-RTIQM,0.14983944532184448
4450-MDZFX,0.14970874665877026
8375-KVTHK,0.1496731282443301
1447-PJGGA,0.14926519637331057
6906-MPARY,0.1491861773779865
3316-UWXUY,0.14910748988847541
6728-DKUCO,0.148950509477034
8769-KKTPH,0.14867610564409375
9554-DFKIC,0.14853085161048002
6137-MFAJN,0.14848303716818645
1991-VOPLL,0.1484512348242372
6198-PNNSZ,0.1484065414053364
5440-VHLUL,0.14836655190366332
4374-YMUSQ,0.14820099410383475
8944-AILEF,0.14799473787427608
2972-YDYUW,0.14794939970413393
6202-JVYEU,0.1478509816997343
6278-FEPBZ,0.14781569873627712
3724-UCSHY,0.1478151812503702
1810-BOHSY,0.14769573122101826
5376-PCKNB,0.14765555792965923
0678-RLHVP,0.14762152096013484
5678-VFNEQ,0.14760939738468926
7382-DFJTU,0.1473300253210939
2923-ARZLG,0.14726510604912738
3012-VFFMN,0.14704122640821182
5774-XZTQC,0.14702007460958205
5285-MVEHD,0.14701146170665053
5149-CUZUJ,0.14700777593780473
6981-TDRFT,0.14693075625019572
4472-LVYGI,0.14689945603260707
0447-BEMNG,0.146876019059668
4355-CVPVS,0.14675401128921972
1208-DNHLN,0.14667225289285427
2242-MFOTG,0.14645512212314987
3633-CDBUW,0.14638388655485332
9762-YAQAA,0.1462397719114407
9079-LWTFD,0.14618156700070278
9364-YKUVW,0.14613068587235595
3086-RUCRN,0.14599978692896404
9294-TDIPC,0.14569598965308328
0723-VSOBE,0.14515541167376136
3570-YUEKJ,0.14502613567974768
3011-WQKSZ,0.14497541814204415
2233-TXSIU,0.1447808227728153
0594-UFTUL,0.14475259143565372
6286-ZHAOK,0.14440681343611964
6705-LNMDD,0.14432226067865736
0708-SJDIS,0.14428766124955525
0621-JFHOL,0.14421344200287933
8905-IAZPF,0.14405246372021235
8496-DMZUK,0.1439413516978959
9798-DRYDS,0.1436880854434131
8851-RAGOV,0.14325128788506325
9863-JZAIC,0.14308864410582522
8634-CILSZ,0.1430337796904432
1543-LLLFT,0.14298185231476201
0036-IHMOT,0.14287462316222363
4189-NAKJS,0.14283116587600894
1309-XGFSN,0.14279362907313142
5756-JYOJT,0.14266021711201307
4250-ZBWLV,0.14256838532682847
1179-INLAT,0.14242659878210545
5206-XZZQI,0.14226140547672875
0440-QEXBZ,0.14215917769433864
5863-OOKCL,0.14199785010261293
4274-DRSQT,0.14181477710896628
4418-LZMSV,0.14176960883888218
6465-GSRCL,0.14175263619778466
0310-VQXAM,0.14173763136299375
4020-KIUDI,0.14150604470828299
4926-UMJZD,0.14149325219456685
8213-TAZPM,0.14146406549885848
9086-YJYXS,0.14137803785969943
1345-GKDZZ,0.1413326853175308
4580-TMHJU,0.14127677414456585
0824-VWDPO,0.1412185814277346
7824-PANSQ,0.14118613925609083
4083-EUGRJ,0.1411859766064393
4568-TTZRT,0.14110036453237962
2925-MXLSX,0.14097694686236728
5968-XQIVE,0.14078932126414645
4732-RRJZC,0.14073337244344797
2332-EFBJY,0.14059409797833164
9256-JTBNZ,0.14053158738328106
7623-HKYRK,0.1405308337949452
2739-CCZMB,0.14044786130725015
8627-EHGIP,0.14032245805511023
4476-OSWTN,0.1402814212490438
4719-UMSIY,0.14021899871486881
0655-YDGFJ,0.13993633914329828
9738-QLWTP,0.1395392968827911
6505-OZNPG,0.13953782474355628
5555-RNPGT,0.13935704681044325
7311-MQJCH,0.13896968059666706
5832-TRLPB,0.13888797130716837
5616-PRTNT,0.13888058717389715
3865-YIOTT,0.13858127630470773
0257-KXZGU,0.13822983111265288
7789-CRUVC,0.13792528190560263
0997-YTLNY,0.1378568407825698
5837-LXSDN,0.13768436939933568
4628-CTTLA,0.13744190820273247
6804-GDMOI,0.1373323931591393
0233-FTHAV,0.13726111238762223
5081-NWSUP,0.13723867498016018
2577-GVSIL,0.1372086737309885
2530-FMFXO,0.13711569449340133
1950-KSVVJ,0.13689882707152645
1921-KYSAY,0.13672308420030838
5566-SOEZD,0.1366681868978061
4079-VTGLK,0.13661478053366463
2696-ECXKC,0.13658826069765648
7964-YESJC,0.13647362256240875
8268-YDIXR,0.1360957044359756
0696-UKTOX,0.1358756356997724
8561-NMTBD,0.13586240888059767
5396-IZEPB,0.13575288749168699
9146-JRIOX,0.13573753293920138
6156-UZDLF,0.13547942206892638
1159-WFSGR,0.1353567022365257
1237-WIYYZ,0.13525309792450815
4402-FTBXC,0.1352156673460765
6994-FGRHH,0.13513001138411546
4694-PHWFW,0.13509468091394625
9495-REDIY,0.1350378008211245
0396-UKGAI,0.13477875925772015
2717-HVIZY,0.13471578199519404
1304-SEGFY,0.13461965411277937
7879-CGSFV,0.13461296307934204
2882-DDZPG,0.13438086829596277
1852-XEMDW,0.13431681193827955
5176-LDKUH,0.13419476954352993
3128-YOVTD,0.13411260828705832
1376-HHBDV,0.13387321658964674
8963-MQVYN,0.13355912129496397
0931-MHTEM,0.1335271980404129
0297-RBCSG,0.13352134222024042
4801-KFYKL,0.1335100379803625
5084-OOVCJ,0.13343186848268124
2851-MMUTZ,0.13336342809486143
6035-RIIOM,0.13323320793546267
1140-UKVZG,0.13298176936710449
1045-LTCYT,0.13282340892764227
0787-LHDYT,0.13281983374686424
2931-XIQBR,0.13277530040086852
5478-JJVZK,0.1326849525648035
7228-PAQPD,0.13229478598149072
6732-FZUGP,0.13222205620884656
7632-MNYOY,0.1321175448956336
8929-KSWIH,0.13198693930061065
9609-BENEA,0.1319423506241011
5966-EMAZU,0.13182294155508303
2805-EDJPQ,0.13175584830313788
2023-VQFDL,0.13142134820280438
6674-KVJHG,0.13131377993353102
5151-HQRDG,0.1311667908573591
3750-RNQKR,0.13091450236561356
1679-JRFBR,0.1307871839012177
8224-IVVPA,0.13046872430681472
6648-INWPS,0.13042652375450003
1539-LNKHM,0.13038821384203375
2428-ZMCTB,0.1301794646852758
3181-MIZBN,0.13000609269108962
7516-GMHUV,0.12989205720498828
6838-HVLXG,0.12985611738236255
9504-DSHWM,0.12984374636939583
4525-VZCZG,0.12983371343659517
9115-YQHGA,0.1298159223621747
1563-IWQEX,0.12974121209590442
2466-NEJOJ,0.12973904359571764
3642-GKTCT,0.1296765165574427
0380-ZCSBI,0.12954954817540199
7080-TNUWP,0.12941014723043603
9367-TCUYN,0.12934598580074455
7964-ZRKKG,0.1293351861234783
0699-NDKJM,0.12928217959884059
9932-WBWIK,0.12925782666749094
2371-JUNGC,0.12914478709141866
5995-OIGLP,0.1290404821315741
2452-SNHFZ,0.12896535228559663
1850-AKQEP,0.12895588847106815
7013-PSXHK,0.12882723288586614
1353-GHZOS,0.12837440377604117
8947-YRTDV,0.12825814561301632
2294-DMMUS,0.12811731505021
9591-YVTEB,0.12796894113582738
0487-RPVUM,0.1278882064850052
4830-FAXFM,0.12780268194382832
8910-ICHIU,0.127774334734833
9092-GDZKO,0.1277458623086624
5533-RJFTJ,0.1277036046763691
3318-ISQFQ,0.12743216211888977
4422-QVIJA,0.12699851579962135
5996-NRVXR,0.12687472139567968
4785-QRJHC,0.12675272286682354
8671-KKKOS,0.12636233383438616
8865-TNMNX,0.12631260551697668
6778-EICRF,0.12630590231001096
6092-QZVPP,0.12625830088995918
8591-NXRCV,0.1262229800288435
4713-ZBURT,0.1261176073503127
5740-YHGTW,0.12608222511156708
1925-LFCZZ,0.1260704138023949
8845-LWKGE,0.12606147516791422
6302-JGYRJ,0.12603706945994178
5913-INRQV,0.12603217222856178
6873-UDNLD,0.12588413617879207
4489-SNOJF,0.12563822153249826
6749-UTDVX,0.12541347724191182
2001-EWBQU,0.12516074443070194
1346-PJWTK,0.12496256575030615
3865-ZYKAD,0.12489334553363317
0136-IFMYD,0.12467396443894743
0743-HRVFF,0.12466538754237488
9839-ETQOE,0.12464526079788726
0665-XHDJU,0.12462753741040578
9522-ZSINC,0.12461621829839314
4353-HYOJD,0.1245563330306179
3680-CTHUH,0.12432640278350506
9546-KDTRB,0.12427618485303255
8942-DBMHZ,0.12425085734608396
2019-HDCZY,0.12416830124315151
8008-ESFLK,0.12388384690567054
4002-BQWPQ,0.12377052052035045
2294-SALNE,0.12363392308733685
8904-OPDCK,0.12351633470478876
5353-WILCI,0.12351450045656502
3070-BDOQC,0.1233702151022336
0489-WMEMG,0.12332419838905911
9633-DENPU,0.12326501825726763
2450-ZKEED,0.12319646698063767
1371-WEPDS,0.1230602047562075
5240-CAOYT,0.12301472155604631
4054-CUMIA,0.12294635733904279
7940-UQQUG,0.12293566159367605
8735-NBLWT,0.12292214240757286
6933-VLYFX,0.12290097119827824
2495-TTHBQ,0.12289379979055372
3126-WQMGH,0.12268289293160205
1347-KTTTA,0.1225309212248657
4063-EIKNQ,0.1225158248166934
9114-VEPUF,0.12251016330707848
5651-CRHKQ,0.12240556536009677
0142-GVYSN,0.1223664431257045
8894-JVDCV,0.12232697384012177
5808-TOTXO,0.12223409394916318
2926-JEJJC,0.1218663896825099
0208-BPQEJ,0.12172107083529386
6840-RESVB,0.12171075299471304
0345-XMMUG,0.12101317562426316
2277-BKJKN,0.12097246406814563
1131-SUEKT,0.12094673536072084
5202-IVJNU,0.12089650995396199
9575-IWCAZ,0.12089570934002092
6333-YDVLT,0.12040891038846281
8100-HZZLJ,0.12019773464221534
6368-NWMCE,0.12015923565179655
7812-FZHPE,0.1200884092959057
2690-DVRVK,0.12005567919156807
9498-FIMXL,0.11991616004708566
0193-ESZXP,0.1198888703303068
6837-HAEVO,0.11987994646305791
2001-MCUUW,0.11972481247938911
1218-VKFPE,0.1195137683998866
7531-GQHME,0.11944594270932903
9357-UJRUN,0.11939132461148186
4742-DRORA,0.11917988285287352
0080-EMYVY,0.11917275104212649
4429-WYGFR,0.11905904962146018
2801-NISEI,0.11898822017021234
1265-XTECC,0.11886295042365935
5294-IMHHT,0.11884725498984923
4770-QAZXN,0.11865899204580263
0218-QNVAS,0.11864003491560025
4654-GGUII,0.11861237602003265
0815-MFZGM,0.11855717145325147
1095-WGNGG,0.11853323187885209
7148-XZPHA,0.11831285254331375
0440-UEDAI,0.11828895804756145
0098-BOWSO,0.11809348938748102
2165-VOEGB,0.11808906774257993
3528-HFRIQ,0.1180053816600272
2223-KAGMX,0.11798324965323935
1121-QSIVB,0.1178721705414936
5577-OTWWW,0.11782098234102714
2889-FPWRM,0.11756199379029374
2316-ESMLS,0.1174594830954711
2558-BUOZZ,0.11745119727681512
0516-QREYC,0.11741979316114695
0750-EBAIU,0.11741353295632304
8847-GEOOQ,0.11727595194340998
8318-LCNBW,0.11726337484513218
7432-FFVAR,0.11704464701911074
1428-IEDPR,0.11704301106037512
8984-EYLLL,0.11693214296706286
4765-OXPPD,0.11679242323963937
2796-UUZZO,0.11673839263198373
5025-GOOKI,0.1166845644859851
5056-FIMPT,0.1166168269864747
7217-JYHOQ,0.11650485536204784
4623-ZKHLY,0.11646626843256919
8401-EMUWF,0.11643325786584117
0516-UXRMT,0.11640058067432163
7184-LRUUR,0.11633035350516063
2202-OUTMO,0.11632942309689924
3391-JSQEW,0.11628578913165367
7572-KPVKK,0.11622797859414827
3038-PQIUY,0.1160751068554192
5730-RIITO,0.11560512683528533
0917-EZOLA,0.11538670836962908
7721-JXEAW,0.1153751966465233
0308-GIQJT,0.11534538497168503
0975-UYDTX,0.11532114602973549
8133-ANHHJ,0.11524448025011903
9107-UKCKY,0.11501188201192639
6870-ECSHE,0.11494100074897319
3428-MMGUB,0.1149199738623912
4531-AUZNK,0.11487157886144544
0347-UBKUZ,0.11468460299683346
6036-TTFYU,0.11466776658754453
9139-TWBAS,0.11460857213273466
7998-ZLXWN,0.11454992650919044
4712-UYOOI,0.11453836452909531
3387-PLKUI,0.1145091835549178
3256-EZDBI,0.11449631823698626
7446-KQISO,0.11446230418827948
7954-MLBUN,0.11445988121604084
6040-CGACY,0.11439964380400096
9480-BQJEI,0.11427018626625271
6865-JZNKO,0.11416500741623477
8017-UVSZU,0.11413173426558637
3061-BCKYI,0.11404827147725574
8189-DUKMV,0.11396787537223602
4829-ZLJTK,0.11371787801889448
8199-ZLLSA,0.11364517360207067
6305-YLBMM,0.11362438115887537
7803-XOCCZ,0.1135843905842872
6103-LIANB,0.11319335828558932
6476-EPYZR,0.11317259142295331
2794-XIMMO,0.11302188225780477
6319-QSUSR,0.11299871205988281
9867-NNXLC,0.11298787922287148
6861-OKBCE,0.11270339065290437
5013-SBUIH,0.11264547990680787
2931-VUVJN,0.11253306481710647
0864-FVJNJ,0.11240239571027798
9143-CANJF,0.11237691237353156
0895-UADGO,0.11237236791243081
3285-UCQVC,0.11227178883154211
6655-LHBYW,0.11221817668718422
9060-HJJRW,0.11203646780520583
3623-FQBOX,0.11197310077535799
4827-LTQRJ,0.11176126822324256
6784-XYJAE,0.11158063042958768
7820-ZYGNY,0.1115534009548263
9896-UYMIE,0.1114573229752618
2812-ENYMO,0.11132454567574414
4903-CNOZC,0.11098593722061394
4683-WYDOU,0.1109846340117683
8457-XIGKN,0.11096492233537822
1226-JZNKR,0.11086147134700468
6386-SZZKH,0.11074277917431183
5173-ZXXXL,0.11073055552553838
8204-TIFGJ,0.11071430938262553
4393-OBCRR,0.1106404562023642
6297-NOOPG,0.11046597963161942
5985-TBABQ,0.11022479897679852
0076-LVEPS,0.11018551591266663
8465-SBRXP,0.11016039292600881
7102-JJVTX,0.1101581364351047
4119-ZYPZY,0.11012928750891708
6933-FHBZC,0.11011553404349501
9076-AXYIK,0.10995036855289192
1877-HKBQX,0.1098711316526609
1400-WIVLL,0.10982003780689602
5193-QLVZB,0.10977739140339754
9786-IJYDL,0.10972454661420679
6568-POCUI,0.10968957099059945
4881-GQJTW,0.10966663575503825
5921-NGYRH,0.109567583303777
6900-RBKER,0.1095498283484248
7614-QVWQL,0.10950055919909724
8138-EALND,0.10947878541524013
8815-LMFLX,0.10942940743233005
2519-TWKFS,0.10929867206616466
4815-TUMEQ,0.10917155243425271
2324-EFHVG,0.10916124183286254
3104-OWCGK,0.10912828222228772
4504-YOULA,0.10903697429467199
4318-RAJVY,0.10900097482938959
4116-IQRFR,0.1089405042636409
5223-UZAVK,0.1089328118404657
4726-DLWQN,0.10892344812458474
3898-BSJYF,0.10859391249823866
0186-CAERR,0.10842720051803433
2667-WYLWJ,0.10815294868688542
9391-TTOYH,0.10810008324737362
8631-XVRZL,0.10807674228032517
7605-SNLQG,0.10794587816969081
9378-FXTIZ,0.1078581038963895
5229-DTFYB,0.10760760171508453
4488-PSYCG,0.10743308581551145
4282-MSACW,0.10742834602927379
0689-DSXGL,0.10739574162226531
1163-ONYEY,0.10720163668536947
3714-XPXBW,0.10712071935608015
5160-UXJED,0.10711637269057372
8809-RIHDD,0.1070347187852206
7566-DSRLQ,0.10700726776011274
9259-PACGQ,0.10685198752620305
9853-JFZDU,0.1067069787761361
4833-QTJNO,0.1066827187811653
3941-XTSKM,0.10665176729506508
6289-CPNLD,0.1066176113022428
0285-INHLN,0.10660006986347556
1984-GPTEH,0.10653081872223805
3733-UOCWF,0.1064312123970962
4163-KIUHY,0.10641126240123755
2967-MXRAV,0.10635360840085041
1442-OKRJE,0.10610972979395451
6837-BJYDQ,0.10609565279055798
6794-HKIAJ,0.10609401033043923
7159-NOKYQ,0.10603464894526414
0557-ASKVU,0.10600665788247053
9411-TPQQV,0.10597162331280362
6598-RFFVI,0.10583148426754344
9039-RBEEE,0.10581701555568433
9128-CPXKI,0.10579449950907215
0835-JKADZ,0.10560340446243993
4011-ARPHK,0.10556065667148833
3096-WPXBT,0.10555096798365646
5562-BETPV,0.10548071730117722
1729-VLAZJ,0.10538397083524158
5815-HGGHV,0.10535147546349202
5360-LJCNJ,0.10516277556075959
4389-UEFCZ,0.10515993375479399
4423-JWZJN,0.10511727839267336
5120-ZBLAI,0.10510092069984393
5829-NVSQN,0.1049870518509382
0795-GMVQO,0.10483568211909039
9770-KXGQU,0.10479459024653758
8610-ZIKJJ,0.10471886602622543
2239-CFOUJ,0.10471577335226294
0536-ACXIP,0.10452066930057498
3571-DPYUH,0.10447958282150338
2266-SJNAT,0.10443207392012646
9013-AQORL,0.10442600865302441
2958-NHPPS,0.10417097108300671
8909-BOLNL,0.10416376073388356
3729-OWRVL,0.10387886128392496
8034-RYTVV,0.10387058288510087
6035-BXTTY,0.10383630677960216
4403-BWPAY,0.1036087415362136
4003-OCTMP,0.10354159274765487
2530-ENDWQ,0.10336756336682364
8387-UGUSU,0.10326725690272688
5384-ZTTWP,0.10321798122316335
7771-ZONAT,0.10310036444087903
8220-OCUFY,0.10305518462841795
3137-NYQQI,0.10303964946698169
5857-XRECV,0.10296582067224687
4079-ULGFR,0.10291998927891385
2150-UWTFY,0.10289432896188118
5961-VUSRV,0.1028571996031266
6924-TDGMT,0.10281036094697359
3327-YBAKM,0.10280754597280116
3209-ZPKFI,0.10246338745666153
5619-PTMIK,0.10239852995366544
3099-OONVS,0.10236638610208626
6260-XLACS,0.1023188805300071
3594-UVONA,0.10231657850482025
1004-NOZNR,0.1022495802720231
1697-BCSHV,0.10222837976795904
6603-QWSPR,0.10208573455236329
5777-ZPQNC,0.10207416199341963
0547-HURJB,0.10183286993152361
6502-KUGLL,0.10182309795568693
6937-GCDGQ,0.10161435374829804
0744-GKNGE,0.1015853525849495
5195-KPUNQ,0.10152471052587754
2307-FYNNL,0.10149887980085254
1492-QGCLU,0.1014832806765889
1183-CANVH,0.10146835362147494
3552-CTCYF,0.10144514033858165
7105-BENQF,0.1013509341463314
5701-GUXDC,0.10133807222014599
8402-EIVQS,0.1011950482666251
9972-NKTFD,0.10117636318709174
8350-NYMVI,0.10109629845230683
1730-VFMWO,0.10106615750054074
4622-YNKIJ,0.10092767284245883
7641-TQFHN,0.10089703379397764
3160-TYXLT,0.100875501765758
1057-FOGLZ,0.10086177406655726
7666-WKRON,0.1008432664232568
5693-PIPCS,0.10084209318218837
5619-XZZKR,0.10074289243329798
7107-UBYKY,0.10073247585019515
4464-JCOLN,0.10055429184914223
1064-FBXNK,0.10044922572672355
7740-KKCXF,0.10040224994340735
4697-LUPSU,0.10017202372862084
9114-AAFQH,0.09999568257950985
9031-ZVQPT,0.09996690247246176
6211-WHMYA,0.09992458319155982
0723-FDLAY,0.09983648168531009
9388-ZEYVT,0.09982239971788118
0725-CXOTM,0.09981758044597513
4186-ZBUEW,0.0998089560437009
7055-VKGDA,0.099779512819425
3824-RHKVR,0.0997757203745142
9754-CLVZW,0.09959390500390264
1096-ADRUX,0.09951090405392927
9513-DXHDA,0.09930168087680379
9518-IMLHK,0.09914134981938039
3537-RYBHH,0.09913065109897949
5681-LLOEI,0.0991284560753218
0052-DCKON,0.09908951862727435
5539-HIVAK,0.0990049998247015
8573-CGOCC,0.09893493837595314
5537-UXXVS,0.09885505300295465
2096-XOTMO,0.0986834062389747
3190-FZATL,0.098445394936863
3758-CKOQL,0.09833098129126809
7336-RLLRH,0.09828299535468885
0377-JBKKT,0.09807937658903984
5027-YOCXN,0.09806804428752784
5236-PERKL,0.09802729219914366
5397-TUPSH,0.09798924864869318
1530-ZTDOZ,0.09787292079654746
3648-GZPHF,0.09782385640006375
9592-ERDKV,0.09755014626700773
1060-ENTOF,0.09745767273108348
2724-FJDYW,0.09719140712353166
0956-SYCWG,0.09714925015364685
2834-JKOOW,0.09687956818354006
4510-PYUSH,0.09684043923321518
6419-ZTTLE,0.0967285351778289
2419-FSORS,0.09663343012635726
1536-YHDOE,0.09641957467806334
7089-RKVSZ,0.09640920588808921
1810-MVMAI,0.09624503597775527
4419-UJMUS,0.09604071705470472
9391-LMANN,0.09592030069623866
4075-WKNIU,0.09589251641971303
9074-KGVOX,0.09579218971737603
3716-LRGXK,0.0957710290191194
4000-VGMQP,0.09568600891265878
8405-IGQFX,0.09568047704436931
4139-SUGLD,0.09556350487871725
7629-WFGLW,0.09526656951755053
4826-DXMUP,0.09519671578185812
8089-UZWLX,0.09516295497250929
0068-FIGTF,0.09515879762984167
6082-GLJIX,0.09515407058464237
8780-RSYYU,0.09510204079752155
7542-CYDDM,0.09507005033588507
9967-ATRFS,0.09505920643749063
5445-PZWGX,0.0950516314238209
8246-SHFGA,0.09504749872535116
7136-RVDTZ,0.09496935854262009
2371-KFUOG,0.09484694350720431
8200-KLNYW,0.094758170743001
1322-AGOQM,0.09465150707061695
8107-RZLNV,0.0946478258578163
0289-IVARM,0.09452581940517364
8707-HOEDG,0.09445837830539401
2586-CWXVV,0.09439741248312855
2120-SMPEX,0.09437952643775804
9330-VOFSZ,0.0941596154238008
4501-UYKBC,0.09412058942631996
9677-AVKED,0.09411792682661115
6968-MHOMU,0.09409254815535066
0967-BMLBD,0.09405843364541705
3354-OADJP,0.09391804980097834
9488-FYQAU,0.0938455881526585
5286-YHCVC,0.09369870900253818
3450-WXOAT,0.09369822044240791
8075-GXIUB,0.09357118313041132
4759-PXTAN,0.0935407170995901
0221-NAUXK,0.0934886704636106
1264-FUHCX,0.09346515837961787
9695-IDRZR,0.09339911080361415
6718-BDGHG,0.09331283097936013
2673-ZALNP,0.09330749650259096
4129-LYCOI,0.09324595096530655
2862-JVEOY,0.09318480963085482
5089-IFSDP,0.09315167002737627
8467-WYNSR,0.09314498635739057
5307-UVGNB,0.09306305147041809
6480-YAGIY,0.09305428666655252
7816-VGHTO,0.09303264256888615
5161-XEUVX,0.09278944972375487
8035-BUYVG,0.09275937474874235
9894-QMIMJ,0.09266947861360235
3896-RCYYE,0.09262073041095681
2272-WUSPA,0.09261391357704704
9848-JQJTX,0.092526126338521
6295-OSINB,0.09248024163636788
7182-OVLBJ,0.09234315101939816
9052-DHNKM,0.09219542359442012
1696-MZVAU,0.09200843649220758
7353-YOWFP,0.09189971010267711
3096-YXENJ,0.0918812173064076
7901-IIDQV,0.09171692850389541
7435-ZNUYY,0.09163934036324785
4822-LPTYJ,0.09163805654528046
0458-HEUZG,0.09161919849380323
3092-IGHWF,0.09153409307290866
7746-QYVCO,0.09144544196445224
4104-PVRPS,0.09124365473161355
1708-PBBOA,0.09113326091305529
9586-JGQKH,0.09106011623838628
3597-YASZG,0.090937420957097
5018-LXQQG,0.09091465236781332
1488-SYSFC,0.09087312895661485
5546-QUERU,0.0907572647915638
4922-CVPDX,0.09072061152281646
0201-MIBOL,0.0907177710062022
9152-AMKAK,0.09067668674647192
2055-SIFSS,0.09067523301053748
6838-YAUVY,0.090520417529004
8646-JCOMS,0.09040685897806323
7654-YWJUF,0.09028922590189382
3486-KHMLI,0.09026421922585169
7470-DYNOE,0.09019920101733368
7010-ZMVBF,0.09011922058224232
3259-FDWOY,0.09011391746578422
0623-EJQEG,0.08963463042922681
1395-OFUWC,0.0896078050397477
6766-HFKLA,0.08959118460615474
0303-UNCIP,0.08916341980332965
1744-JHKYS,0.08915923860335354
8550-XSXUQ,0.08896403139115745
5446-DKWYW,0.08892890141016718
7997-EASSD,0.08874767713691813
3893-JRNFS,0.08861629564102871
5709-LVOEQ,0.08855486449305963
2150-WLKUW,0.08852867607939932
2550-QHZGP,0.08835661024018293
6661-EIPZC,0.0883337630909679
6993-YCOBK,0.08806824553446302
2243-FNMMI,0.08777851165221368
5304-EFJLP,0.08769385829113577
7762-ONLJY,0.08752200384930824
5440-FLBQG,0.08752064843329734
0117-LFRMW,0.08745412617578788
5153-LXKDT,0.08733571768064442
8752-IMQOS,0.08730297421871958
4837-QUSFT,0.08728552475174527
1162-ECVII,0.08727554457613779
2250-IVBWA,0.08714751575368004
6242-SGYTS,0.08702522345101663
3324-OIRTO,0.0869141408122406
2773-OVBPK,0.086820124591933
4223-BKEOR,0.08681477626225458
5012-YSPJJ,0.08680732452043549
1301-LOPVR,0.08678120996958594
4366-CTOUZ,0.08675941416593967
4654-DLAMQ,0.08655892727877806
6131-IUNXN,0.08644176048350846
3863-QSTYI,0.08642761797530632
7208-PSIHR,0.08637425031775235
9402-ROUMJ,0.08634702367755874
1621-YNCJH,0.0861801064467596
1371-DWPAZ,0.0861771273027333
5578-NKCXI,0.08610028775533085
3229-USWAR,0.08604357952095126
5032-USPKF,0.08593954130708911
0356-OBMAC,0.08590697965663067
5092-STPKP,0.08588624750203251
0106-UGRDO,0.0857948203202593
2830-LEWOA,0.08558965917975483
2911-IJORQ,0.08554825584901067
4808-YNLEU,0.08541582813625413
4806-DXQCE,0.08536241458551938
0487-VVUVK,0.08527266827314635
7049-GKVZY,0.08519855705399393
0496-AHOOK,0.08509927640143476
9350-ZXYJC,0.08499691486678625
5514-YQENT,0.08491005640783024
6941-KXRRV,0.08488715058412959
7134-HBPBS,0.08486785709906057
2930-UOTMB,0.08476699891194184
2469-DTSGX,0.08473398841441045
3192-NQECA,0.08460097786912356
4159-NAAIX,0.08457465608210939
0667-NSRGI,0.08448563342411715
0661-KQHNK,0.08428004076501644
5748-RNCJT,0.08424322077930471
1952-DVVSW,0.0842246495131376
1527-SXDPN,0.08416451678480188
0895-LNKRC,0.08414427265399146
6968-URWQU,0.08407631821056409
2877-VDUER,0.08391645749911845
8261-GWDBQ,0.08388531889671742
4576-CSAJH,0.08388267580578973
3823-KYNQY,0.08379971900571982
3146-JTQHR,0.0835533128220388
2292-XQWSV,0.08355078547761047
9715-WZCLW,0.08350986511254362
5269-NRGDP,0.08344418702474457
0519-DRGTI,0.08334505061208031
2351-RRBUE,0.08323936298783005
9200-NLNPD,0.08323357535861746
7021-XSNYE,0.0829910538487343
9928-BZVLZ,0.08297276531847053
6341-JVQGF,0.08295343045483337
7047-YXDMZ,0.08295035691062085
3282-ZISZV,0.08286629652214732
1038-RQOST,0.08285570715285595
3423-HHXAO,0.08279856119214232
2164-SOQXL,0.08278610666348343
9134-WYRVP,0.08264474709037882
2887-JPYLU,0.08260253079059034
2578-JQPHZ,0.08252306195261419
8152-VETUR,0.0825051215763983
0020-JDNXP,0.08244441479957443
2499-AJYUA,0.08239243970491544
7036-TYDEC,0.08225659693705813
9405-GPBBG,0.08220358092922012
7459-IMVYU,0.08203131486528822
2129-ALKBS,0.08193225321129276
1150-FTQGN,0.08190488286438907
0607-MVMGC,0.08172652177912967
8879-XUAHX,0.08163153145886984
0628-CNQRM,0.08135517517747633
0384-LPITE,0.08131943982638845
7492-TAFJD,0.08125377193003107
4139-JPIAM,0.0812306715029583
0842-IWYCP,0.08099890475096773
3518-FSTWG,0.08090233859731705
0960-HUWBM,0.0808432040465574
2363-BJLSL,0.08067806191420542
4626-OZDTJ,0.0806601370637592
3441-CGZJH,0.08062523408602733
7762-URZQH,0.08044762554714201
1898-JSNDC,0.08041104903471276
5260-UMPWX,0.08039430656279171
5795-KTGUD,0.08035701242000766
0748-RDGGM,0.08035017496184448
3374-TTZTK,0.08033760809043367
6586-PSJOX,0.08031249589631068
6506-EYCNH,0.08029186560533576
7956-XQWGU,0.08023325200928608
3372-CDXFJ,0.08004925083445803
8752-GHJFU,0.08002329787870328
2533-QVMSK,0.07989946247793407
9555-SAHUZ,0.07984292667901989
3750-YHRYO,0.07974122468235692
3621-CHYVB,0.07973876426584836
2038-YSEZE,0.07973087657302239
2391-IPLOP,0.07971615671254074
2680-XKKNJ,0.07961414045538412
0980-FEXWF,0.07944765345386018
8309-PPCED,0.07943145799825574
8332-OSJDW,0.07936630332525722
4328-VUFWD,0.07935011009266517
2522-WLNSF,0.07924138342677936
5954-BDFSG,0.07916693428617329
7931-PXHFC,0.07907689260241642
4682-BLBUC,0.07905725816196695
1431-CYWMH,0.07900216213804047
9730-DRTMJ,0.07899614082949831
4291-YZODP,0.07889777822882892
6408-OTUBZ,0.07871292188494358
8573-JGCZW,0.07862289430658308
2746-DIJLO,0.07856017807164115
0201-OAMXR,0.07839101749446827
6265-SXWBU,0.0783523991059527
1866-ZSLJM,0.07833823789984079
8822-KNBHV,0.07821880894303464
6266-QHOJZ,0.07801374542341781
6308-CQRBU,0.07778207972859473
8076-FEZKJ,0.07777403218516911
7718-UPSKJ,0.07777374470309384
7758-UJWYS,0.07770920094385973
8984-HPEMB,0.07761071033313537
7508-KBIMB,0.0775889757261264
5447-VYTKW,0.0775718965472466
1137-DGOWI,0.07753168552195608
1125-SNVCK,0.07751408229241032
0134-XWXCE,0.07748341958436805
6992-TKNYO,0.07742040094694118
6967-PEJLL,0.07726364656126379
3082-WQRVY,0.07711768679854558
9750-BOOHV,0.07710830923098741
8548-AWOFC,0.0770870891532661
0164-APGRB,0.07700433090442883
5327-CNLUQ,0.07694746649947297
2330-PQGDQ,0.07692323424102805
7541-YLXCL,0.07687226679905018
8084-OIVBS,0.07677080231491819
8565-HBFNN,0.07672985541514855
9691-HKOVS,0.07668301392751747
3205-MXZRA,0.07662265079289478
3351-NQLDI,0.07660022979365602
0323-XWWTN,0.07655616327110434
7691-XVTZH,0.07653831226720899
5049-MUBWG,0.07653765632857423
1015-JPFYW,0.07652927716604747
7519-JTWQH,0.076476605076198
7136-IHZJA,0.0762722843256866
8079-XRJRS,0.07626844818423714
4537-CIBHB,0.0761976571684875
7665-VIGUD,0.07607391960006835
0983-TATYJ,0.07603591827336258
5203-XEHAX,0.07595671061857619
6620-HVDUJ,0.07586929608167435
8065-QBYTO,0.07581013944229237
4378-BZYFP,0.0757088536964127
0266-CLZKZ,0.07562888834651628
6500-JVEGC,0.07561397845619011
9473-CBZOP,0.07558050603439838
1680-VDCWW,0.07549493181805013
9987-LUTYD,0.0754853234407303
4795-WRNVT,0.075453702892495
9938-ZREHM,0.07544548287229964
1915-OAKWD,0.07536698929416909
8853-TZDGH,0.07528846422271179
9931-KGHOA,0.07528600325508454
5504-WSIUR,0.07527895263138712
8263-QMNTJ,0.07521736397109184
1444-VVSGW,0.07521413499605759
5372-FBKBN,0.07520707321962043
5090-EMGTC,0.07519110679237899
8231-BSWXX,0.07516943944435253
2809-ILCYT,0.07473309412679857
3530-VWVGU,0.07469040076980893
8582-KRHPJ,0.07443461024707072
5382-TEMLV,0.07437389180829584
4451-RWASJ,0.07435874729284223
5393-HJZSM,0.07434986888296914
3022-BEXHZ,0.07431972945525339
7156-MXBJE,0.07430908058057631
2387-KDZQY,0.07426877849522978
8595-SIZNC,0.0741464976724834
2056-EVGZL,0.07412143648413792
1429-UYJSV,0.07410670672913729
4616-ULAOA,0.07406971252874842
5777-KJIRB,0.074044536268243
7649-PHJVR,0.07388090250608885
1136-XGEQU,0.07382565531296907
5602-BVFMK,0.0737685105842206
0392-BZIUW,0.07375000538692833
2775-SEFEE,0.07370152623844178
9442-JTWDL,0.07361766178095573
5663-QBGIS,0.07357047057827848
9822-BIIGN,0.0735472306272551
2483-XSSMZ,0.07344731234619847
4137-JOPHL,0.07338034939242571
6481-OGDOO,0.07330186298247696
1114-CENIM,0.07325430417914809
6663-JOCQO,0.07299760989383562
2834-JRTUA,0.07298739195549388
8406-LNMHF,0.07298080891407432
4091-TVOCN,0.07295067319364838
3556-BVQGL,0.07284395890053101
6616-AALSR,0.0728375768380919
7677-SJJJK,0.07279542745575257
9866-OCCKE,0.07261265967399037
8624-GIOUT,0.07260627837161623
4730-AWNAU,0.07253745002339594
2682-KEVRP,0.07249200214980665
3239-TPHPZ,0.07248964222892236
9467-ROOLM,0.07232100164085072
3800-LYTRK,0.0722900755963685
5062-CJJKH,0.07218375350913354
3315-IKYZQ,0.07215333347761438
8109-YUOHE,0.07207497871671291
9351-LZYGF,0.0720420664462953
9924-JPRMC,0.07194595540947875
0661-KBKPA,0.07192423590619498
5294-CDGWY,0.07186414312182852
5789-LDFXO,0.07185476278175636
9933-QRGTX,0.07184182677380575
4043-MKDTV,0.07181092642166759
1099-BTKWT,0.07176532105053998
9308-ANMVE,0.07171818080909313
8681-ICONS,0.07168698316002903
0533-UCAAU,0.07167283812245746
7233-IOQNP,0.07135234212111105
3115-JPJDD,0.07134197084719747
9386-LDCZR,0.07133488215245973
9796-MVYXX,0.07131372590910662
7032-LMBHI,0.07123085560290887
0742-LAFQK,0.07105645544637823
5278-PNYOX,0.07090817487218548
4049-ZPALD,0.07085629235314565
8221-EQDGL,0.07078816897156637
9705-ZJBCG,0.070682965508771
0661-WCQNQ,0.07061359503099762
8879-ZKJOF,0.0704812805054901
0112-QWPNC,0.07047368286346381
1891-QRQSA,0.07032675908195034
5039-LZRQT,0.07023689943900466
1334-PDUKM,0.07023014078470934
1338-CECEE,0.07022372747949239
3724-BSCVH,0.07016400213706032
5753-QQWPW,0.07012861436954868
5271-YNWVR,0.07011302365520662
5524-KHNJP,0.0699788570368899
9362-MWODR,0.06997748626350705
8071-SBTRN,0.0698461122226017
6727-IOTLZ,0.06975401743905903
8777-MBMTS,0.0696440020111942
2907-ILJBN,0.06960533047474006
9170-GYZJC,0.06959105419879934
6196-HBOBZ,0.06957196700272975
9483-GCPWE,0.06954115770976063
7407-SUJIZ,0.06934454018663239
1291-CUOCY,0.06932912351074375
8823-RLPWL,0.06929733528240181
7317-GGVPB,0.06925467256978143
5998-DZLYR,0.06919718092555571
0074-HDKDG,0.06911034158004699
3197-NNYNB,0.06909470445200641
2408-PSJVE,0.0690516499192173
5872-OEQNH,0.06889145364511792
1247-QBVSH,0.06888794014735976
4385-ZKVNW,0.06888603953260332
2205-LPVGL,0.0688168951133872
0716-BQNDX,0.06879947508704214
1038-ZAGBI,0.06879585025997241
4199-QHJNM,0.06875725116017942
8041-TMEID,0.06867719764687621
2484-DGXPZ,0.06863197682078921
4134-BSXLX,0.06856245272547332
1832-PEUTS,0.06855574089693942
9432-RUVSL,0.0684911966293421
8819-ZBYNA,0.0683310346821594
4526-RMTLL,0.06821523984770286
9861-PDSZP,0.06806535063479052
8015-IHCGW,0.06806518204731442
5297-MDOIR,0.06801611618120443
5414-OFQCB,0.06797594929541184
1696-HXOWK,0.06796162524273001
9715-SBVSU,0.06794965995946906
9229-RQABD,0.06792041589029688
3280-MRDOF,0.06773494806317581
6440-DKQGE,0.06771758048099044
3090-HAWSU,0.06768938147693088
3915-ODIYG,0.06766414820243574
3213-VVOLG,0.06759715720468443
9711-FJTBX,0.0675404921113351
2868-LLSKM,0.06749509622061099
2788-CJQAQ,0.06742099413371866
4367-NUYAO,0.06731693559745792
7872-RDDLZ,0.06726125340959715
5993-BQHEA,0.06716432206749376
6050-FFXES,0.06714830002375115
7657-DYEPJ,0.06706369660973666
4933-IKULF,0.06699864863034717
1779-PWPMG,0.06699424375655484
4072-IPYLT,0.06687493074337954
4425-OWHWB,0.06673781474915522
1763-KUAAW,0.0666566670592478
7663-CUXZB,0.06661924361952062
3739-YBWAB,0.06659223953633704
1042-HFUCW,0.06657590518165404
2388-LAESQ,0.06656409587184431
1964-SVLEA,0.06622890451682427
5975-BAICR,0.06618783494230555
4670-TABXH,0.06617560359273546
7445-WMRBW,0.06615814773116509
6257-DTAYD,0.06596584812858478
3612-YUNGG,0.06592646811701655
6746-WAUWT,0.06591648607449342
0536-BGFMZ,0.06590097355599298
5915-DGNVC,0.06574466344483013
2636-SJDOU,0.06568276867735288
7817-OMJNA,0.06560850866245732
1557-EMYVT,0.06546271548870772
3696-XRIEN,0.06545931590536488
9313-QOLTZ,0.06520660400532474
1163-VIPRI,0.06516525936982455
7255-SSFBC,0.06514364322001105
1345-ZUKID,0.065023438459402
5724-BIDBU,0.0650210916448715
8680-CGLTP,0.06494718656391464
2651-ZCBXV,0.06492236261811343
4018-KJYUY,0.06489060297306294
6734-FQAJX,0.06482813546669465
3363-DTIVD,0.0648104937016846
6508-NJYRO,0.06475945312945612
8383-SGHJU,0.06475851059647614
1402-PTHGN,0.06469280920519109
9845-PEEKO,0.06457387878478124
0401-WDBXM,0.06455643457490426
8901-UPRHR,0.064470189886042
6682-QJDGB,0.06443469332740516
1480-BKXGA,0.06415982552614227
2592-HODOV,0.06412032565157313
0862-PRCBS,0.06405982394481623
8883-GRDWQ,0.06401839865040442
8559-CIZFV,0.0639588504274219
7868-TMWMZ,0.06365516480284562
9917-KWRBE,0.06359052590533694
7841-FCRQD,0.06357595682255121
5944-UGLLK,0.06356291821873568
1577-HKTFG,0.06351177096689964
0907-HQNTS,0.06339471471180366
1090-PYKCI,0.06333781317536728
6434-TTGJP,0.06325408549701153
8741-LQOBK,0.06324149650131883
1498-DQNRX,0.06314398267205397
8869-LIHMK,0.06301658748510792
4616-EWBNJ,0.06293804934436806
8659-HDIYE,0.06291088480679484
5451-YHYPW,0.06285978528508378
9617-UDPEU,0.06283389021470082
1430-SFQSA,0.0627658089993146
1930-BZLHI,0.06254927754965857
7923-IYJWY,0.06247146060860711
1097-FSPVW,0.06234550013424453
3407-JMJQQ,0.06221573789363956
2988-QRAJY,0.062133398709306106
3551-GAEGL,0.06210664991928029
6250-CGGUN,0.062048981925824
5135-GRQJV,0.06181828978859691
0307-BCOPK,0.061677391923305944
4815-YOSUK,0.06153236861671928
5442-BXVND,0.06146210295533088
6427-FEFIG,0.061443932284479606
8029-XYPWT,0.061425085169124795
4174-LPGTI,0.061326935759578864
8328-SKJNO,0.06131914462654146
1452-XRSJV,0.06123157024791151
3131-NWVFJ,0.06117457017800937
8756-RDDLT,0.06113846942306019
8707-RMEZH,0.06112276274575222
6635-MYYYZ,0.06108777078243529
3721-CNZHX,0.061080869772875315
4508-OEBEY,0.061071749733378033
9766-HGEDE,0.06105324390856424
4057-FKCZK,0.06103117568091971
8792-AOROI,0.06093245248251647
4906-ZHGPK,0.06092388082808497
1545-JFUML,0.060917373267961566
0829-DDVLK,0.06080145467996753
3243-ZHOHY,0.06049562808936316
3580-HYCSP,0.060341944895743925
8016-ZMGMO,0.06026824671144833
7801-CEDNV,0.060223690269333
9127-FHJBZ,0.06017133672098895
6416-JNVRK,0.060055865471466796
0484-JPBRU,0.05999679973053924
7279-NMVJC,0.05992391584039865
4323-ELYYB,0.05988026602031739
6893-ODYYE,0.05973700718097346
3705-RHRFR,0.05968131234452244
0530-IJVDB,0.059572763535414186
4522-XRWWI,0.05954404796156824
8690-UPCZI,0.0595342779470024
0020-INWCK,0.05952365750497527
7707-PYBBH,0.05948932236496814
7576-ASEJU,0.059477118495188636
2144-ESWKO,0.05945121027175077
8628-MFKAX,0.05942614421829645
6797-LNAQX,0.059425896216144046
2171-UDMFD,0.05942445955324433
9621-OUPYD,0.0593620854849355
8224-UAXBZ,0.059322737101098644
8434-PNQZX,0.059266333202990205
3026-ATZYV,0.05926249077213051
3766-EJLFL,0.05915942324325416
5214-NLTIT,0.059100955907861706
2639-UGMAZ,0.05907205596015102
0357-NVCRI,0.0588826787388363
6904-JLBGY,0.05863433957116679
9351-HXDMR,0.058615638475994505
4909-JOUPP,0.058596653521225124
8226-BXGES,0.0585371414904298
3224-DFQNQ,0.05851538270561397
6075-QMNRR,0.05847999085207843
6048-UWKAL,0.05845309512525799
9845-QOMAD,0.058404171532583066
9558-IHEZX,0.05836200677704242
1760-CAZHT,0.058287085815419644
5505-OVWQW,0.05828374704565793
9931-DCEZH,0.05828094938167233
0635-WKOLD,0.05827261834306512
8898-KASCD,0.05813428535980502
4311-QTTAI,0.05803508257003309
9142-XMYJH,0.05788835398909012
3301-VKTGC,0.057859196784309064
6174-NRBTZ,0.057841735737298415
2323-ARSVR,0.05773464693509632
3178-CIFOT,0.05755009753492405
7609-NRNCA,0.0574881210729047
0422-OHQHQ,0.05746190687443594
5236-XMZJY,0.0573825359210822
8591-TKMZH,0.05720814180172428
2520-SGTTA,0.05715412270581969
8559-WNQZS,0.057109100088147284
6878-GGDWG,0.057102510117385964
3214-IYUUQ,0.05703960025991633
7696-AMHOD,0.056928214131130174
1094-BKOSX,0.05692794805174252
2380-DAMQP,0.05692517866943308
6993-YGFJV,0.05682073758172639
9298-WGMRW,0.05676397179619983
5671-RQRLP,0.05674566141519029
2364-UFROM,0.05663379272383719
8975-SKGRX,0.05660976229031876
7925-PNRGI,0.05655840769642758
2434-EEVDB,0.05653272550700258
7971-HLVXI,0.05650085199799158
3244-CQPHU,0.056496968444199346
6551-ZCOTS,0.056397306848646946
7191-ADRGF,0.056391108375679455
2710-WYVXG,0.05635368799418488
0565-JUPYD,0.05634736846347656
1661-CZBAU,0.056307518551426176
2878-RMWXY,0.05628514349068861
9070-BCKQP,0.05616377790660955
1133-KXCGE,0.056143436195245734
1474-JUWSM,0.05609552547618391
1702-CCFNJ,0.05605444300640118
1131-ALZWV,0.0560531828078206
3452-FLHYD,0.0559150371449017
3969-JQABI,0.05590356901168846
6867-ACCZI,0.05587185288843144
5038-ETMLM,0.055840442081140314
1272-ILHFG,0.0558239028537613
9412-ARGBX,0.05572049746587917
7996-BPXHY,0.05571978136400589
5914-XRFQB,0.05559880907812503
3549-ZTMNH,0.05557333601241389
6999-CHVCF,0.05550653385280372
8612-GXIDD,0.05542003572306616
5003-OKNNK,0.05541709977309669
8570-KLJYJ,0.05536779467244273
5982-PSMKW,0.05535572205161974
0619-OLYUR,0.055351978560042495
4359-INNWN,0.05529527115770173
2368-GAKKQ,0.055130295731950274
8746-BFOAJ,0.05508047402319683
4598-ZADCK,0.05500882131064113
9847-HNVGP,0.05498529473931434
7602-MVRMB,0.05495535241930474
7753-USQYQ,0.05481087218984045
2546-KZAAT,0.05475368226137464
5312-TSZVC,0.054736755816664345
0813-TAXXS,0.054669207492048115
6543-JXSOO,0.05459936125237242
7644-OMVMY,0.054532462378411056
6171-ZTVYB,0.05453114321677076
9046-JBFWA,0.0545218513922472
6650-BWFRT,0.05450597493665092
2927-CVULT,0.054485982884302606
6510-UPNKS,0.0544161837650802
4445-KWOKW,0.05434136874533159
1099-GODLO,0.05432335800811215
4686-GEFRM,0.0543112621664055
0428-AXXLJ,0.054261818336364835
8461-EFQYM,0.054216023724246484
7838-LAZFO,0.053981161292960336
5887-IKKYO,0.05388956113651773
9330-DHBFL,0.053843808592009504
8969-PRHFK,0.05379756159243916
8208-EUMTE,0.053793194595418974
0454-OKRCT,0.053715738220973676
4203-QGNZA,0.05363814738623267
1320-GVNHT,0.05362599255994592
5726-CVNYA,0.05348457100456934
8499-BRXTD,0.05340401924361614
3043-SUDUA,0.05338624082286541
7325-ENZFI,0.05337919563667608
9867-JCZSP,0.05337131472345778
2798-NYLMZ,0.05330686642733252
7100-FQPRV,0.05330662938924046
2030-BTZRO,0.053003060172963724
9788-HNGUT,0.05296977781592663
6435-VWCCY,0.05295462788212652
8788-DOXSU,0.052883647929986614
7813-TKCVO,0.05282461698080823
5061-PBXFW,0.05278229637918786
6114-TCFID,0.05274547946067961
1866-NXPSP,0.0527438675377577
6919-ELBGL,0.052736242324217114
9758-MFWGD,0.05266162856159229
3397-AVTKU,0.052660482543730534
4369-NYSCF,0.052635758488357436
3340-QBBFM,0.05243516283291476
6147-CBCRA,0.05242383992002664
5844-QVTAT,0.05236680382369181
4664-NJCMS,0.0523563934009011
0056-EPFBG,0.05227028381821916
8099-MZPUJ,0.05224443977666138
1150-WFARN,0.052240373500309634
2121-JAFOM,0.052202374256077884
7569-NMZYQ,0.05210197871529178
6682-VCIXC,0.051954545014150755
6614-FHDBO,0.05195058311289839
7765-LWVVH,0.05181926710766095
8727-XDPUD,0.051812095178797084
3669-WHAFY,0.05180002469907948
8884-MRNSU,0.051769055737448375
0866-QLSIR,0.05170724221402137
5917-HBSDW,0.05168365253600461
6765-MBQNU,0.05168320649851696
3034-ZBEQN,0.051631065330697334
3115-CZMZD,0.051591533662002836
0572-ZJKLT,0.05157024051530308
3283-WCWXT,0.051415869882837535
2039-JONDJ,0.05138038350064971
2073-QBVBI,0.05137455475116497
5791-KAJFD,0.05129962479185991
0203-HHYIJ,0.05126916013822107
0197-PNKNK,0.051140326115053286
6445-TNRXS,0.050964127334053984
6007-TCTST,0.050909924863296804
2634-HCZGT,0.050905891675538904
8606-CIQUL,0.05088886153881262
0670-ANMUU,0.050867359674822914
1544-JJMYL,0.05086359348792747
4404-HIBDJ,0.0507930940055318
0042-JVWOJ,0.05078232755586344
2320-TZRRH,0.05077658599621457
5756-OZRIO,0.05074932020298006
5499-ECUTN,0.050674703276852286
2054-PJOCK,0.05061329856124419
3259-KNMRR,0.050578954012562724
9239-GZHZE,0.050553661275786275
9938-TKDGL,0.05049974256755851
4092-OFQZS,0.05049168317136628
7951-VRDVK,0.050460328456452236
1623-NLDOT,0.05045604406449345
2245-ADZFJ,0.05037758479377441
1488-PBLJN,0.050364654008382824
3617-XLSGQ,0.0503190280755951
4853-RULSV,0.0503075072980156
0013-SMEOE,0.0502912619489219
1178-PZGAB,0.05027180534226115
9553-DLCLU,0.050039495060521196
1407-DIGZV,0.04995129427799107
3082-YVEKW,0.04991998909816243
8348-JLBUG,0.049886805261782706
6244-BESBM,0.049832859220108716
0840-DCNZE,0.04978452214248221
0516-VRYBW,0.04967664231875745
7369-TRPFD,0.04963314278434306
7055-JCGNI,0.0496314331996686
7472-EQOAV,0.049624811176845814
4086-ATNFV,0.049623651526843796
9199-PWQVC,0.04960785074282212
0234-TEVTT,0.04953309112179259
2338-BQEZT,0.04943719977039798
5183-KLYEM,0.04941023955354295
7244-QWYHG,0.04940101790203795
4685-TFLLS,0.049319042664779544
0859-YGKFW,0.04923788753572436
3396-DKDEL,0.049236025638549716
9220-ZNKJI,0.049216050573674286
6859-QNXIQ,0.04917258194409652
3963-RYFNS,0.04914872295115437
7605-BDWDC,0.04912675520800523
1043-UXOVO,0.04908975888285357
1401-FTHFQ,0.048978405504727006
1303-SRDOK,0.04887352720198869
4578-PHJYZ,0.048841342606923216
7554-NEWDD,0.048709453828891816
0254-FNMCI,0.04866298361452502
6598-KELSS,0.04863252791327682
7176-WRTNX,0.04862148542668834
2223-GDSHL,0.04851777371974239
0269-XFESX,0.0484704206889051
8313-AFGBW,0.04827377367055632
5965-GGPRW,0.04822659604065831
1069-QJOEE,0.04820424936209357
2325-ZUSFD,0.04814770369200201
4378-MYPGO,0.0479830371770865
9589-ABEPT,0.047981507150686345
6509-TSGWN,0.04796910277229853
3726-TBHQT,0.047934824978951476
6869-FGJJC,0.047861606343243226
7710-JSYOA,0.04785272864745121
7196-LIWRH,0.04781631616267421
9534-NSXEM,0.04780711615188937
8630-QSGXK,0.04775407206110366
3810-DVDQQ,0.0476766826924119
4884-TVUQF,0.04767069900216113
1599-MMYRQ,0.0475912921260524
7730-CLDSV,0.04754375603283592
8106-GWQOK,0.04753274833203261
1352-HNSAW,0.047514138208838354
1036-GUDCL,0.047432541547023296
9637-CDTKZ,0.04741221802471222
8097-VBQTZ,0.04740770484783785
0675-NCDYU,0.047400430427633575
4627-MIHJH,0.0473686746430911
2790-XUYMV,0.04733398782167783
2466-FCCPT,0.04731462921516436
0679-TDGAK,0.04730606416597706
4957-TIALW,0.04725506076720608
1171-TYKUR,0.04723602392288834
9746-UGFAC,0.04718127471029132
9860-LISIZ,0.04712301927819488
7319-ZNRTR,0.04710544236837899
1741-WTPON,0.047011794256036216
6752-APNJL,0.04700200747203202
9313-CDOGY,0.046986276937630814
6211-WWLTF,0.046968632243000595
9742-XOKTS,0.04696792925095089
5172-RKOCB,0.04691710015151576
7338-ERIVA,0.04691360482275776
9541-PWTWO,0.046908518764633235
5546-BYZSM,0.04684709158184623
1555-DJEQW,0.04671530793095176
0930-EHUZA,0.04670782194716987
6371-NZYEG,0.04669101557602219
8085-MSNLK,0.046635130665092776
7321-ZNSLA,0.04663283883744203
9891-NQDBD,0.04654407478180406
1790-NESIO,0.046540427486294486
6527-PZFPV,0.04636239717574717
1904-WAJAA,0.04635935142363334
8777-PVYGU,0.04635193153547567
3258-ZKPAI,0.04624796323967645
2361-FJWNO,0.04624217172420191
9027-TMATR,0.046214876462914604
0022-TCJCI,0.046192431178617224
9207-ZPANB,0.046184259922622546
2190-PHBHR,0.0461815584438123
6100-FJZDG,0.04615048813827676
1841-YSJGV,0.046130190940618654
5375-XLDOF,0.04608674003484922
0017-IUDMW,0.046075982888797766
5186-PEIZU,0.046048163577324
5855-EIBDE,0.045899225206019356
2061-VVFST,0.045803614360517664
7839-NUIAA,0.04562665661055934
3186-AJIEK,0.04535124441114414
8748-HFWBO,0.045349384565218254
9150-KPBJQ,0.045345381831629346
4611-ANLQC,0.045342878748975024
4376-KFVRS,0.04531583694424539
8024-XNAFQ,0.04530116149212877
7876-AEHIG,0.04528362140208819
3870-SPZSI,0.04527955858969187
4304-TSPVK,0.04524109186120167
1561-BWHIN,0.04523076989403155
3374-PZLXD,0.04520940892564442
9955-QOPOY,0.04519302409057767
9236-NDUCW,0.04516983659159993
8763-KIAFH,0.045147788078181504
4032-RMHCI,0.045093298069602175
0754-EEBDC,0.04502714180823166
9000-PLFUZ,0.044959942357525776
3795-CAWEX,0.04495138769726764
1725-IQNIY,0.04486926837949579
9680-NIAUV,0.04479236852206843
0019-EFAEP,0.04470524552949304
0727-BNRLG,0.04466835389231632
9959-WOFKT,0.044647445006644144
9046-DQMTP,0.044646202776509214
5020-ZSTTY,0.04460079936075628
2197-OMWGI,0.044438836377626516
8996-ZROXE,0.0443851932594792
9619-GSATL,0.04421214091537812
7833-PKIHD,0.04418576657618301
5847-MXBEO,0.04397409342327095
9625-QNLUX,0.04384517196630477
8738-JOKAR,0.0438009170233624
5989-AXPUC,0.04379404259198431
6478-HRRCZ,0.043763481380855375
2200-DSAAL,0.043721041528062075
3546-GHEAE,0.04370630054645343
7005-CYUIL,0.04370131096219958
4106-HADHQ,0.04367365987357006
3078-ZKNTS,0.04366230418082896
8022-BECSI,0.043656793782510764
2453-SAFNS,0.04364296365165947
5575-GNVDE,0.04356925922732414
3778-FOAQW,0.04356158309800055
9702-AIUJO,0.04347354500688072
5204-HMGYF,0.04340097329317292
6584-VQMYT,0.04339711922527981
1734-ZMNTZ,0.04330092982400476
7995-ZHHNZ,0.04328453659717064
8388-DMKAE,0.04326404894759991
6368-TZZDT,0.04325696209949303
8166-ZZTFS,0.04324302303374913
6064-PUPMC,0.043233681222242124
8400-WZICQ,0.04316064903251065
3482-ABPKK,0.0431579701696256
3892-NXAZG,0.043106195021457794
5149-QYTTU,0.04309902307461903
1576-PFZIW,0.0430656384997334
5073-RZGBK,0.04302662881375298
1834-ABKHQ,0.04301023434105297
6016-LVTJQ,0.04298824974280229
2017-CCBLH,0.04298046296929081
7030-FZTFM,0.042965444162418875
2829-HYVZP,0.04293642519136098
1354-YZFNB,0.042896169171673985
1325-USMEC,0.04284694431906507
9030-QGZNL,0.04283231580497188
5995-WWKKG,0.04279225056154585
8966-OIQHG,0.04272675869792963
5199-FPUSP,0.04272098293166505
9746-YKGXB,0.04271789305469265
2587-YNLES,0.042696477672042196
7037-MTYVW,0.04267825059900816
1222-KJNZD,0.04267616801280257
4135-FRWKJ,0.04265607991477174
6726-NNFWD,0.04260228889245915
3259-QMXUN,0.04253988405714691
0254-KCJGT,0.04240140175192925
5474-LAMUQ,0.04239628132305602
7619-PLRLP,0.042390032993534256
9640-ZSLDC,0.042382019754155904
7137-NAXML,0.0423691819512817
4115-BNPJY,0.04236183927732365
7527-QNRUS,0.042340297693884345
9347-AERRL,0.04233539099345632
2995-YWTCD,0.042106662084544166
9108-EQPNQ,0.042047615105171326
6461-PPAXN,0.04201861828492356
2511-MORQY,0.0420025221322245
3410-YOQBQ,0.041986479125853016
2085-JVGAD,0.04193479742502163
9802-CAQUT,0.04192898051958069
7691-KGKGP,0.04184772054560967
3520-FJGCV,0.04183153727592386
4717-GHADL,0.041826888852025
3422-WJOYD,0.04182005435297899
8480-PPONV,0.04178347049295874
7520-HQWJU,0.04175382469763485
4973-RLZVI,0.04175310583431503
1936-CZAKF,0.0417387590098895
3125-RAHBV,0.041733442262973174
1682-VCOIO,0.04168860100296007
2706-QZIHY,0.04165043725718084
3594-BDSOA,0.04162418778281677
1455-HFBXA,0.04158687587711138
7375-WMVMT,0.04154073727353752
2580-ASVVY,0.04152786907175358
0756-MPZRL,0.04145131236856639
8821-KVZKQ,0.041337146953419
8915-NNTRC,0.04133448479802372
6072-NUQCB,0.04130425451477168
6990-YNRIO,0.04130152184722672
4709-LKHYG,0.04125399831485972
4778-IZARL,0.04122840799683125
0253-ZTEOB,0.0412160829237831
8314-HTWVE,0.041080818418312716
7017-VFHAY,0.0409989358900918
5862-BRIXZ,0.04099496942186139
9648-BCHKM,0.04098204655007764
6176-YJWAS,0.0409800798241664
0657-DOGUM,0.04094545530796234
5386-THSLQ,0.04091716531638015
8883-ANODQ,0.040871188384377005
6670-MFRPK,0.04081509684489248
9867-XOBQA,0.04078880272550179
8007-YYPWD,0.040769783636380265
8779-YIQQA,0.04070910635635155
6047-SUHPR,0.040708617993789664
2348-KCJLT,0.040685318909696434
9500-IWPXQ,0.04064995374026519
9906-NHHVC,0.04064003193169511
3717-FDJFU,0.04063519237883716
7337-CINUD,0.04061532726614949
4707-YNOQA,0.040559042198326525
7168-HDQHG,0.0404363676960973
2188-SXWVT,0.04043448402824122
2321-OMBXY,0.04036628734663574
0266-GMEAO,0.040302561812275164
0868-VJRDR,0.04027726173408354
3882-IYOIJ,0.04026662380762568
2138-VFAPZ,0.04021060282643986
7994-XIRTR,0.04018051003065082
3523-BRGUW,0.04014497492900495
7929-SKFGK,0.04005181699189381
8608-OZTLB,0.04001200376416641
1298-PHBTI,0.04000897550991229
7244-KXYZN,0.039994843446948425
9289-LBQVU,0.03996730657347975
0906-QVPMS,0.03995619604003836
4803-LBYPN,0.03994515502577265
9174-IHETN,0.039923550377590496
2005-DWQZJ,0.03991060661213643
4854-SSLTN,0.03986906598480431
9209-NWPGU,0.0398278007864331
6252-DFGTK,0.03976704586323378
6848-YLDFR,0.039752578291477936
2282-YGNOR,0.03967524336100094
2789-CZANW,0.03961015661264696
0946-FKYTX,0.03956895753327139
1439-LCGVL,0.039568687735840526
4632-PAOYU,0.039434243381900116
6103-QCKFX,0.03936193793379772
5762-TJXGK,0.039331664364437136
9777-IQHWP,0.03932053125283589
2773-MADBQ,0.03931495944661884
8292-FRFZQ,0.03930356828921993
0942-KOWSM,0.03929073590215867
2229-DPMBI,0.039280596229729875
6481-LXPWL,0.039279510112206185
2749-CTKAJ,0.0392000224698749
3926-YZVVX,0.03915992456989127
8571-ZCMCX,0.039069870443197395
8639-NHQEI,0.039031559460175926
5306-BVTKJ,0.03902771248883648
5876-QMYLD,0.039022274415013304
3258-SYSWS,0.03899816799202315
3585-YNADK,0.03894062906868783
8498-XXGWA,0.03888631841099802
5641-DMBFJ,0.03876699892021051
0487-CRLZF,0.03874848546379764
5197-YPYBZ,0.03864764611084316
2632-IVXVF,0.038577645523711644
9720-JJJOR,0.03855335957339336
1937-OTUKY,0.038389476705204505
6374-NTQLP,0.038387029296206826
7781-EWARA,0.03837869046538774
8659-IOOPU,0.038352392247989996
8194-PEEBY,0.03829470500788041
6034-ZRYCV,0.03826613206735216
3508-CFVZL,0.03823525006435311
1282-IHQAC,0.038159007549636595
6061-PQHMK,0.03813056129437965
9053-JZFKV,0.03811889553750355
3230-JCNZS,0.03797259616106319
8466-PZBLH,0.037938386022155456
8670-MEFCP,0.03776129070000829
5696-CEIQJ,0.03768553081751629
3352-RICWQ,0.037636856657508544
6082-OQFBA,0.037528750310870926
4513-CXYIX,0.0374672802573021
2055-BFOCC,0.03744591306530485
3134-DSHVC,0.037426888192092785
4942-VZZOM,0.03739017924922001
3298-QEICA,0.03732365221770461
7359-WWYJV,0.037260149472867835
8454-AATJP,0.037237986794580805
9885-MFVSU,0.03720095843919655
5057-RKGLH,0.03719050050524708
0224-NIJLP,0.03716143894894711
0835-DUUIQ,0.037139066452768446
5055-BRMNE,0.037080451542322396
0872-CASZJ,0.03705746188403106
5468-BPMMO,0.03704545002505051
3658-QQJYD,0.037043537341264726
5647-URDKA,0.0369726855885118
8809-XKHMD,0.03695396836358056
5825-XJOCM,0.03682732831479105
7672-VFMXZ,0.03674019248340071
8670-ERCJH,0.03668709469137835
7663-YJHSN,0.03661574526515387
2683-JXWQQ,0.03649584054087029
4877-TSOFF,0.03643860061785736
6194-HBGQN,0.03637513463011004
2027-DNKIV,0.036359672222834864
3985-HOYPM,0.036340887464129876
8513-OLYGY,0.03628371534414463
6352-GIGGQ,0.03622785746569723
6479-OAUSD,0.03611914196469827
7632-YUTXB,0.03609544573309376
1998-VHJHK,0.03603647629439535
4500-HKANN,0.03588759460768008
9801-NOSHQ,0.035853049101966454
1929-ZCBHE,0.0358143171974534
2933-XEUJM,0.03580539648826155
0378-CJKPV,0.03578381208766541
2150-OEGBV,0.03574366287059252
9424-CMPOG,0.03574271615308585
5245-VDBUR,0.035702937731679325
3727-OWVYD,0.0356833404277496
5322-TEUJK,0.0356339015167926
1494-EJZDW,0.035614429735134956
6698-OXETB,0.035563908260802704
3850-OKINF,0.035457657735989
9184-GALIL,0.03539709934444557
1834-WULEG,0.0353628777249967
9739-JLPQJ,0.03530633262201113
6950-TWMYB,0.03530331574610036
3474-BAFSJ,0.03522294070292444
1936-UAFEH,0.03519059774085324
5781-BKHOP,0.03518459949069299
8148-WOCMK,0.035140144200733664
7690-KPNCU,0.03509114974204287
5840-NVDCG,0.034933727761860774
6736-DHUQI,0.03491986411906727
3655-SNQYZ,0.03491432655731511
4056-QHXHZ,0.034898057303143874
6827-IEAUQ,0.03485623335122156
5214-CHIWJ,0.03477866870120133
6161-ERDGD,0.034728928293918715
7570-WELNY,0.034587197651149114
5327-XOKKY,0.03454993361296897
9297-FVVDH,0.03431308935484003
9309-BZGNT,0.03417317405942371
6339-TBELP,0.03412752657493625
6754-WKSHP,0.034104472007238
0121-SNYRK,0.034079012534268635
1245-HARPS,0.03407766632899768
8207-DMRVL,0.034068152780656294
4322-RCYMT,0.034062925872100164
1093-YSWCA,0.034043245446147105
9570-KYEUA,0.03389257894674029
1821-BUCWY,0.03386699418393001
9782-LGXMC,0.033829497068111045
4795-UXVCJ,0.03374790187359643
1053-MXTTK,0.033733765966503695
9258-CNWAC,0.0336963696321658
2664-XJZNO,0.03363189309553947
7029-IJEJK,0.03353975039647079
1271-UODNO,0.03353551806919937
3181-VTHOE,0.033459834690125784
7471-MQPOS,0.0334313406163036
6519-ZHPXP,0.03341748030656319
6061-GWWAV,0.033360345140952825
7446-SFAOA,0.033314432322887166
5469-NUJUR,0.033296371580435
9531-NSBMR,0.03323144429618485
8311-UEUAB,0.033217506382935205
1776-SPBWV,0.03314950684557391
1022-RKXDR,0.03307947263716456
0064-SUDOG,0.03307340306253791
1897-RCFUM,0.03306528651808765
0191-EQUUH,0.033047711965671196
4636-OLWOE,0.033026158946654935
1872-EBWSC,0.03300039943562958
4716-MRVEN,0.03295650970350904
7247-XOZPB,0.03277288273357644
9560-BBZXK,0.03276705660157153
2650-GYRYL,0.03275956435577652
5906-CVLHP,0.03264711131556337
5170-PTRKA,0.03261892794604887
6556-DBKZF,0.032568392669586894
1032-MAELW,0.03255435297432812
1552-TKMXS,0.032476468839137636
5063-IUOKK,0.03246345314211907
5110-CHOPY,0.03243657630167885
0320-DWVTU,0.032396885374874194
4114-QMKVN,0.032388257530383255
2335-GSODA,0.032380348866962075
0486-LGCCH,0.03232761798926605
5127-BZENZ,0.03228500813590496
6693-DJWTY,0.03220774550501068
5014-GSOUQ,0.03219177686087001
2040-XBAVJ,0.03218123524537375
2703-AMTUL,0.032156295203152115
7795-CFOCW,0.03214076007067171
3506-OVLKD,0.03213635804703387
2676-SSLTO,0.03208048451312457
5495-GPSRW,0.032043544663151576
4994-OBRSZ,0.031956078326311345
9178-JHUVJ,0.0319452304054217
5716-EZXZN,0.03193082876683394
6016-NXBNJ,0.0318995226666695
3831-YCPUO,0.03183659427975426
5256-SKJGO,0.03176233955073293
6122-EFVKN,0.031701907933361397
5158-RIVOP,0.03165606888904082
5574-NXZIU,0.031612985146262804
1154-HYWWO,0.031556652373218974
6828-HMKWP,0.03154837774288714
4859-ZSRDZ,0.03150501326877995
6823-SIDFQ,0.03148305783065152
1063-DHQJF,0.03143320702329186
1982-FEBTD,0.03137423840574331
2984-TBYKU,0.0313507573406578
1206-EHBDD,0.031311346006629895
3392-EHMNK,0.03127995357402651
4452-ROHMO,0.031249267878128824
8259-DZLIZ,0.03124871627478775
4111-BNXIF,0.031236130927169172
1752-OZXFY,0.031229041091041056
8668-KNZTI,0.03109377434203306
8873-TMKGR,0.031043533227302383
5161-UBZXI,0.030963594590662398
4355-HBJHH,0.030954738303929103
2819-GWENI,0.030948473368995345
2904-GGUAZ,0.03090297316334529
5442-PPTJY,0.030892966572343493
4304-XUMGI,0.030887169058856113
0854-UYHZD,0.030870830260363743
6261-RCVNS,0.030806015907054136
7277-KAMWT,0.030800205058344007
1431-AIDJQ,0.03077724990668883
1092-WPIVQ,0.030768711340048074
5820-PTRYM,0.030743169851041644
9194-GFVOI,0.030742178330130605
6013-BHCAW,0.030630624609174355
8277-RVRSV,0.030538813616203333
4393-GEADV,0.03051009801389285
5519-TEEUH,0.030506605978087666
1843-TLSGD,0.030501484025692725
7636-PEPNS,0.030439808739145473
0014-BMAQU,0.030417916689316735
6754-LZUKA,0.030385665628254108
0810-DHDBD,0.03038155155027105
1839-UMACK,0.030343377236099884
4530-NDRKU,0.03034066139037591
9577-WJVCQ,0.030304843034567774
7581-EBBOU,0.030292805420251603
0248-PGHBZ,0.030291817063837
5906-DVAPM,0.030274089131264868
2541-YGPKE,0.030134599040561618
8908-SLFCJ,0.030089607116061283
0181-RITDD,0.030086307555207067
4573-JKNAE,0.030064907361300762
7026-YMSBE,0.0300192959119115
6447-EGDIV,0.029979836822081947
7269-JISCY,0.02986951133650057
5914-GXMDA,0.02969931907059487
3055-VTCGS,0.029668681165503405
6188-UXBBR,0.02966410908220781
0219-QAERP,0.029629208891081088
5917-RYRMG,0.029583295878042475
3812-LRZIR,0.02952541755785982
2878-DHMIN,0.02947124013893114
3129-AAQOU,0.02946540079032384
7305-ZWMAJ,0.029429484402303255
7473-ZBDSN,0.02939982047335226
7061-OVMIM,0.02939709638446734
3308-JSGML,0.029375281915507295
3442-ZHHCC,0.029301820437309018
2277-AXSDC,0.029286163679831473
5918-VUKWP,0.029285406884848857
6463-HHXJR,0.029255366778153016
4981-FLTMF,0.029224058500519696
0083-PIVIK,0.029127947953149023
9926-PJHDQ,0.029088453291259087
6898-RBTLU,0.02903747489709712
2057-BOYKM,0.0290230305427923
6229-UOLQL,0.02899766636247663
8097-OMULG,0.028956625888728417
8760-ZRHKE,0.02889298763393199
2361-UPSND,0.028889152149039265
3982-JGSFD,0.028822167489716055
9127-QRZMH,0.028806707517650486
9530-GRMJG,0.028709188141594327
6691-CCIHA,0.028675084795356506
0164-XAIRP,0.0285280271475328
2606-PKWJB,0.028506249134851645
4950-HKQTE,0.028501298971944596
5232-NXPAY,0.028500837822821395
4163-NCJAK,0.028473511217239296
2405-LBMUW,0.028419475663333634
4648-YPBTM,0.02836267353950321
3525-DVKFN,0.028312180464232974
9225-BZLNZ,0.028257842945486326
2351-BKRZW,0.02819365091653492
1328-EUZHC,0.028150007189617632
0023-UYUPN,0.028135379776421936
7173-TETGO,0.02811178605515308
0804-YGEQV,0.028106921271210963
3705-PSNGL,0.028093710180225738
4891-NLUBA,0.02808792613510084
5849-ASHZJ,0.028065787839501352
7322-OCWHC,0.02794717297228646
7639-LIAYI,0.027939303477618947
3021-VLNRJ,0.027924073247571807
9224-VTYID,0.02791659649698507
8871-JLMHM,0.027903680175109604
8606-OEGQZ,0.027895914931571314
1642-HMARX,0.027815005757219045
9227-UAQFT,0.027740382288827733
3841-NFECX,0.027727354308688393
4560-WQAQW,0.027660096938257123
0945-TSONX,0.027611943433352864
0853-TWRVK,0.027460885864163703
4227-OJHAL,0.027451841120599126
0743-HNPFG,0.02744526891473581
4750-UKWJK,0.027417819473868118
3547-LQRIK,0.027365054231339538
7670-ZBPOQ,0.02730615343707004
4115-UMJFQ,0.02729163578267328
3133-PZNSR,0.02727406368404829
6901-GOGZG,0.027262532297849324
3605-JISKB,0.027230007775054924
6518-KZXCB,0.0271020821656531
5627-TVBPP,0.027070300118011793
0536-ESJEP,0.027042130415345124
4835-YSJMR,0.026987996633893223
9251-WNSOD,0.0269472647273532
7469-LKBCI,0.02691632485655193
3266-FTKHB,0.02689303041957966
2999-AANRQ,0.026876629083477037
6064-ZATLR,0.02679817005042579
5871-DGTXZ,0.026770857749618363
6719-FGEDO,0.02673276189903088
1452-UZOSF,0.026721019491536775
3057-VJJQE,0.02671830635090968
1265-BCFEO,0.02671257124044507
9830-ECLEN,0.02668244850657913
9018-PCIOK,0.026635235042052792
8869-TORSS,0.02653890085486616
0310-SUCIN,0.02653161201852139
2266-FUBDZ,0.02650681320330005
8165-CBKXO,0.026503294312600248
2091-GPPIQ,0.026497313184388083
1699-TLDLZ,0.026462829419697024
4962-CHQPW,0.02641390085307197
2404-JIBFC,0.0264063302274025
7109-CQYUZ,0.026276182380241566
1023-BQXZE,0.026191948416380426
8782-NUUOL,0.026151181913289044
5318-YKDPV,0.026105314650151566
8143-ETQTI,0.026091328843610602
7945-HLKEA,0.026054118760686713
8512-WIWYV,0.02601845472054885
3249-VHRIP,0.025899481853578755
6559-ILWKJ,0.025889626321037366
1051-EQPZR,0.025806763249999243
6322-HRPFA,0.025757644843183054
5696-EXCYS,0.025660580730894025
9670-BPNXF,0.02562546574073052
4024-CSNBY,0.025618429969682308
8398-TBIYD,0.02548548721947065
8745-PVESG,0.02547463012220841
1139-WUOAH,0.025426206935340607
2088-IEBAU,0.025351404046813727
2516-XSJKX,0.02532226563208658
4565-EVZMJ,0.02528135678079584
8510-BBWMU,0.025241035674204642
2126-GSEGL,0.025166894834179818
3230-IUALN,0.025151192365289586
3389-KTRXV,0.025143723566250942
3378-AJRAO,0.025071254300818496
1089-XZWHH,0.024996708484208482
0104-PPXDV,0.024996539644348306
7138-GIRSH,0.024989653325107164
6696-YDAYZ,0.024874556051149552
8819-WFGGJ,0.02483011014319276
9880-TDQAC,0.024797692718947675
6121-TNHBO,0.024772986033505372
6223-DHJGV,0.024712549568622195
3458-IDMFK,0.02470760096480711
2808-CHTDM,0.024704589871752912
4702-HDRKD,0.02466260528825583
5129-HHMZC,0.024624846436401813
2167-FQSTQ,0.02461340715787655
6522-OIQSX,0.024578967286292726
9717-IOAAF,0.024565501603763324
6609-MXJHJ,0.024539699480811826
7596-IIWYC,0.024521395240825996
1293-HHSHJ,0.024483637874548787
2193-SFWQW,0.02447167014587027
6810-VCAEX,0.02446450419325029
1813-JYWTO,0.02445480134456152
3891-NLXJB,0.024444684717911974
3174-AKMAS,0.024397049165503396
4883-KCPZJ,0.02435713979053187
8884-FEEWR,0.024330943359688387
5148-HKFIR,0.024308378367350798
9509-MPYOD,0.02429446320109964
2333-KWEWW,0.024277773520004167
3887-PBQAO,0.02427546223556352
7973-DZRKH,0.024273815390754884
4872-VXRIL,0.02423413500487589
0757-WCUUZ,0.0242235913943816
1535-VTJOQ,0.024219025148057835
0334-ZFJSR,0.02419537801523638
1866-DIOQZ,0.024176426542431847
4667-QONEA,0.024164837327149035
2890-WFBHU,0.02413991670988605
3865-ZFZIB,0.024089692282486964
4615-PIVVU,0.024084296857631565
7779-ORAEL,0.024056383378748592
3721-WKIIL,0.024008145710814603
4980-URKXC,0.02399008671519058
2239-CGBUZ,0.023973874524089573
7328-OWMOM,0.023971094171025834
8515-OCTJS,0.023966378762363707
6437-UDQJM,0.023957847212440656
0078-XZMHT,0.023957071432554267
2892-GESUL,0.023875575744203546
1403-LKLIK,0.023780939802454965
4547-FZJWE,0.023751098130106587
7501-IWUNG,0.023701910599365012
6195-MELTI,0.023659845212969065
6872-HXFNF,0.02362290497755388
8331-ZXFOE,0.023573704636263768
5583-EJXRD,0.023567194926736743
5512-IDZEI,0.02352730203963564
1194-BHJYC,0.02346492504463502
5893-PYOLZ,0.023453280316329303
9359-UGBTK,0.023442797528891352
4293-ETKAP,0.02341672138966177
7110-BDTWG,0.02340012899678042
8067-NIOYM,0.023371315070199964
3896-ZVNET,0.023231511951011315
1960-UOTYM,0.023229219530201822
6563-VRERX,0.02321689700753279
9945-PSVIP,0.023187956690557617
8510-TMWYB,0.02313328690524005
1090-ESELR,0.023125857776063515
9824-QCJPK,0.023032143457562652
4342-HFXWS,0.023004830099177663
8717-VCTXJ,0.022994071946201525
8999-EXMNO,0.022919870882011525
2040-LDIWQ,0.02286407319098695
4584-LBNMK,0.022851736216910706
3486-NPGST,0.022783326599254132
2599-CIPQE,0.022727997262361306
8265-HKSOW,0.022723219089030588
5788-YPOEG,0.022690205641637647
6772-WFQRD,0.02261163827185827
8932-CZHRQ,0.022548903170457782
0559-CKHUS,0.022453511033470937
3460-TJBWI,0.022451823455181652
3569-VLDHH,0.022420381314692525
0916-KNFAJ,0.022366215262697095
7452-FOLON,0.02234349716795919
3957-HHLMR,0.02223763461105588
8008-OTEZX,0.022233542367032417
6549-BTYPG,0.022217611398918608
5394-MEITZ,0.022211746618005446
7622-FWGEW,0.022210089096505098
9995-HOTOH,0.022189254416344614
2123-VSCOT,0.022138212586471268
2252-NKNSI,0.022126176418611008
5197-LQXXH,0.022084446677744243
1757-TCATG,0.022035596408783806
8999-YPYBV,0.02199986597214062
9795-NREXC,0.021971531616695246
4737-HOBAX,0.02195731640630662
0565-IYCGT,0.02195158917000476
5321-NTRKC,0.021846739492230642
9919-FZDED,0.021841577389793143
8144-DGHXP,0.021833976487903334
4703-MQYKT,0.021810893004841573
8390-FESFV,0.021787634125162242
4804-NCPET,0.021782792119587367
6339-RZCBJ,0.02177678030099006
1934-MKPXS,0.021742638020399288
1635-HDGFT,0.02172384164145202
6234-RAAPL,0.021622023917542626
1525-LNLOJ,0.02156537633761224
9958-MEKUC,0.02156486020139446
2000-DHJUY,0.02154036237474232
7711-YIJWC,0.021530476004659377
9548-ZMVTX,0.021426061699579182
3401-URHDA,0.021419045766401943
6631-HMANX,0.0213642555690469
0513-RBGPE,0.02133924321398585
7190-XHTWJ,0.021285587534163795
0687-ZVTHB,0.021277765514752845
7609-YBPXG,0.02126489453807864
8345-MVDYC,0.02123418591393051
7564-GHCVB,0.02120404952229003
3649-JPUGY,0.021183202361543432
6516-NKQBO,0.021179887698506043
7503-MIOGA,0.021114836296657575
3280-NMUVX,0.021046440517853978
2192-OZITF,0.021011332082730514
2550-AEVRU,0.02099581274046787
2302-OUZXB,0.020995274918524286
5668-MEISB,0.02095856497630138
5317-FLPJF,0.020943748350742898
5684-FJVYR,0.020941380531869426
3654-ARMGP,0.020932829174983594
2990-OGYTD,0.02091633608960983
0993-OSGPT,0.020904351583520858
1088-CNNKB,0.020886098831944314
0654-PQKDW,0.020876698115436083
2863-IMQDR,0.020787272912690273
5924-SNGKP,0.02075127849262757
1223-UNPKS,0.02073249105072346
4178-EGMON,0.020726643394382953
1265-HVPZB,0.02068946299444341
5313-FPXWG,0.020678545835351957
7951-QKZPL,0.020676670971752895
1498-NHTLT,0.020652266533740506
5380-XPJNZ,0.020650517829288857
8221-HVAYI,0.020510681538683566
5859-HZYLF,0.02049961695069238
3911-RSNHI,0.02049605280923145
8645-KOMJQ,0.02038283900213227
6242-FEGFD,0.020373183025724
7665-NKLAV,0.020338193214797674
6166-YIPFO,0.020315892913308344
8327-WKMIE,0.02029827801408338
4254-QPEDE,0.020256956653984436
5453-YBTWV,0.020240928693518668
9581-GVBXT,0.020143358076578723
0979-MOZQI,0.020125480410383482
3720-DBRWL,0.020123499649567025
6603-YRDCJ,0.020100256801005963
0604-THJFP,0.02004099092153263
0071-NDAFP,0.020035399107031147
9548-LERKT,0.02001012461732527
3978-YNKDD,0.019940674058271882
1534-OULXE,0.019923812422266284
0902-RFHOF,0.01991935549707966
0436-TWFFZ,0.019826031105544643
4890-VMUAV,0.019808748369217245
5177-RVZNU,0.01969604719522906
9385-NXKDA,0.019580259062826587
4295-YURET,0.019547762567018262
3070-FNFZQ,0.019522060689178472
3653-NCRDJ,0.019358034909159435
2521-NPUZR,0.01932137802555053
1755-FZQEC,0.019232743729281236
5656-MJEFC,0.019207186125606398
0129-QMPDR,0.0191926058278894
3489-VSFRD,0.019171127587209142
5696-JVVQY,0.019148660681772945
7025-WCBNE,0.01914373567270983
8672-OAUPW,0.019129377822131633
9150-HEPMB,0.019080010977233948
0731-EBJQB,0.0190425634288307
6418-HNFED,0.019031381498888507
2192-CKRLV,0.01901836095472447
1930-QPBVZ,0.018977747390557867
8590-OHDIW,0.018954279344802046
2498-XLDZR,0.01889783227675771
8060-HIWJJ,0.01889338090187686
6120-RJKLU,0.0188714472098512
8200-LGKSR,0.018811382622060707
1395-WSWXR,0.018791312628945653
6203-HBZPA,0.018767245158964392
7977-HXJKU,0.018689977046192466
6963-EZQEE,0.0186365557961477
6732-VAILE,0.018628243696021722
2612-PHGOX,0.01862282930996681
5126-RCXYW,0.018582092694064408
5622-UEJFI,0.01851168694366395
5387-ASZNZ,0.018489193058917216
4751-ERMAN,0.01846247808166622
9888-ZCUMM,0.018395172804643797
2812-REYAT,0.018340074861302718
8174-TBVCF,0.01831555780401536
8125-QPFJD,0.018275432648219313
2725-IWWBA,0.01821845861275726
4487-ZYJZK,0.018215620535816244
7233-PAHHL,0.0182028848830718
2324-AALNO,0.018190106837940794
0301-KOBTQ,0.01817269974817006
5996-EBTKM,0.018166028527717596
5702-KVQRD,0.01815045731517588
5248-RPYWW,0.018097209941251635
4039-PIMHX,0.018068314260303114
5792-JALQC,0.01804319393831617
3935-TBRZZ,0.01802634284218485
6199-IPCAO,0.01801711851356948
0230-UBYPQ,0.018007552955328972
9950-MTGYX,0.017999410551468257
4676-WLUHT,0.01790360194313044
2805-AUFQN,0.01789757971260531
5751-USDBL,0.01789388959483047
8450-LUGUK,0.01788693347691287
6546-OPBBH,0.017876710697472185
1371-OJCEK,0.01786616699976232
8173-RXAYP,0.01784858151375347
0969-RGKCU,0.017810055861123907
7552-KEYGT,0.017809459082892956
1177-XZBJL,0.01779909725517071
1897-OKVMW,0.017788592747836483
0383-CLDDA,0.017769862046677687
8565-WUXZU,0.017721811092900587
9470-YFUYI,0.01771695954161595
6923-AQONU,0.01770019898324576
8404-VIOMB,0.017681481078337353
0455-ENTCR,0.017646084943150717
6762-QVYJO,0.01764462628315732
0707-HOVVN,0.017643165187755928
2977-CEBSX,0.017631305911515977
7508-DQAKK,0.017618446182928515
0263-FJTQO,0.017617303530538614
3566-CAAYU,0.01760353668628346
3745-HRPHI,0.01759406229182278
8050-DVOJX,0.017583215300685334
4381-MHQDC,0.017571360716333754
0016-QLJIS,0.017560542590560037
0057-QBUQH,0.01755427053214313
9447-YPTBX,0.017499497146020084
1837-YQUCE,0.017487598967098263
1227-UDMZR,0.017477033887198387
6048-NJXHX,0.017445582036325107
4538-WNTMJ,0.017404394094602857
6814-ZPWFQ,0.01737948504795771
2274-XUATA,0.01737751638035626
7153-CHRBV,0.01736397607636992
6258-PVZWJ,0.017306684505182857
0739-UUAJR,0.017284513021934574
8958-JPTRR,0.017272650043432307
4849-PYRLQ,0.01723889310592874
1686-STUHN,0.01720250451221392
7771-CFQRQ,0.017177632394802664
2753-JMMCV,0.017162637301082168
9805-FILKB,0.0171597530985451
7301-ABVAD,0.017156801124896336
9871-ELEYA,0.017138710499127366
4335-UPJSI,0.01713819656500491
0298-XACET,0.01708699703746937
2256-YLYLP,0.017081560720279658
5986-WWXDV,0.017073608736114715
8661-BOYNW,0.017006239852036885
7267-FRMJW,0.01698437706689697
1333-PBMXB,0.016975311131378536
3557-HTYWR,0.016975043903125066
0277-ORXQS,0.016931035782571033
0354-VXMJC,0.016920723772939097
9297-EONCV,0.016819954612378268
2400-XIWIO,0.01680828431978948
3544-FBCAS,0.016759283842713173
6369-MCAKO,0.01672292552806126
1971-DTCZB,0.016684067566267037
3908-MKIMJ,0.01668239989784707
9253-VIFJQ,0.016677978275875534
8098-TDCBU,0.016661866237737712
2137-DQMEV,0.016541738013580103
4893-GYUJU,0.016531698425957052
4999-IEZLT,0.01651345702193011
4549-ZDQYY,0.016491590844097622
2332-TODQS,0.016439231587795148
1172-VIYBP,0.01642674599469559
5498-IBWPI,0.01641354928608023
2225-ZRGSG,0.016406472771517643
7401-JIXNM,0.016398970642409336
0214-JHPFW,0.01639679330075716
9339-FIIJL,0.01636423261782969
8469-SNFFH,0.01632706308026867
7054-DMVAS,0.01630857193457013
4568-KNYWR,0.016256894599266283
3521-HTQTV,0.016243115445180364
0459-SPZHJ,0.016225806187309847
7216-KAOID,0.01619514259139387
9479-HYNYL,0.016192456398451488
6094-ZIVKX,0.016191944417776737
1830-GGFNM,0.01618931249370491
1187-WILMM,0.016143166037552736
5816-JMLGY,0.016054879787833317
0617-AQNWT,0.01605046175384694
8169-SAEJD,0.016043943221000462
0378-XSZPU,0.01600677224115961
3166-PNEOF,0.015972065792017532
6681-ZSEXG,0.015961213545248883
7297-DVYGA,0.015951418983679976
0114-IGABW,0.01592449277891809
9227-YBAXE,0.015924164964729315
4213-HKBJO,0.015906103505817806
4526-EXKKN,0.015866376114609147
9063-ZGTUY,0.01585112362895327
1970-KKFWL,0.015820340760080397
4827-DPADN,0.015796033859248788
4597-ELFTS,0.015793203879692203
9778-OGKQZ,0.015736734920919617
2987-BJXIK,0.01571306880015831
5322-ZSMZY,0.015688404917289202
0909-SELIE,0.01566939995106887
3146-MSEGF,0.015623141022153045
3638-WEABW,0.015580937846570648
2211-RMNHO,0.015571404350254519
1627-AFWVJ,0.015542147429241124
4609-KNNWG,0.01553388239743772
9541-ZPSEA,0.015522850013204704
5125-CNDSP,0.015520966644489372
5456-ITGIC,0.015504348285816883
8218-FFJDS,0.01548767620194417
3398-GCPMU,0.015471222003386399
9415-ZNBSX,0.015460901168893983
5980-BDHPY,0.015448254570750206
6586-MYGKD,0.015427332927705166
8232-CTLKO,0.015411807905063779
2346-CZYIL,0.015401560958829151
2725-TTRIQ,0.015390367382699012
7850-THJMU,0.015384462642142941
3108-PCCGG,0.015342698505460144
8184-WMOFI,0.015310584817571667
5003-XZWWO,0.015280849813524433
6248-TKCQV,0.01526033652807391
5249-QYHEX,0.015232084523846407
5997-OPVFA,0.01522773928980025
5171-EPLKN,0.015214190324018944
3933-DQPWX,0.015209748398848486
1492-KGETH,0.015170227228338839
4774-HHGGS,0.015165437017713314
4163-HFTUK,0.015161852816064516
7815-PDTHL,0.015159083076464637
0674-GCDXG,0.015138785672838169
8295-KMENE,0.015100007043590527
0795-LAFGP,0.015084967080508311
8766-PAFNE,0.015046724623788886
2845-KDHVX,0.015023418961560718
4334-HOWRP,0.015003356610165533
1568-LJSZU,0.014949216215267845
8859-AXJZP,0.014938676935988156
4518-FZBSX,0.014920767075594654
0771-CHWSK,0.014895470672284824
7131-ZQZNK,0.01485259860284222
9028-LIHRP,0.014849433566332134
3572-UUHRS,0.014814631136027386
8197-BFWVU,0.014814225267862738
6023-GSSXW,0.014800334902104513
8204-YJCLA,0.014776341685993592
2996-XAUVF,0.014758069056430434
4955-VCWBI,0.014738831517482493
8626-PTQGE,0.014717771890885212
9385-EHGDO,0.014658463416626034
2430-RRYUW,0.014641528707203854
3740-RLMVT,0.014617385231955392
1552-CZCLL,0.014595788564560093
9675-ICXCT,0.014527901988735837
1265-ZFOSD,0.014498104479529178
9102-OXKFY,0.01448354006994317
4782-OSFXZ,0.014429188654512962
8100-PNJMH,0.01438981783705539
8414-OOEEL,0.014371367923496458
5451-MHQOF,0.014370613840045865
2226-ICFDO,0.014356600858865904
0123-CRBRT,0.014303897185872038
7579-KKLOE,0.01427059416553045
1088-AUUZZ,0.014270364023601476
9674-EHPPG,0.014260126752957012
5248-YGIJN,0.014245125038262427
8181-YHCMF,0.014239399145573244
9548-LIGTA,0.014226056156404394
9565-FLVCG,0.014224472435113149
8148-NLEGT,0.014214115039275235
6119-SPUDB,0.014213069865382533
6701-YVNQG,0.014209581837829869
2511-ALLCS,0.01420385692680772
4079-WWQQQ,0.01417842791242456
4825-XJGDM,0.014151029752988905
3161-ONRWK,0.014144208702044653
3079-BCHLN,0.01414147702793519
7253-UVNDW,0.014124311550089875
7799-LGRDP,0.014124046207543555
2122-SZZZD,0.014121416675878093
3638-VBZTA,0.014114274164730573
7975-JMZNT,0.014092605866624695
9067-SQTNS,0.014075352277822572
4837-PZTIC,0.014072868822032847
0839-QNXME,0.014069044939281319
4077-HWUYD,0.014047782391877905
2661-GKBTK,0.01403999704892537
9392-XBGTD,0.01402089159099713
2581-VKIRT,0.014001948016047466
6916-HIJSE,0.013972408992024765
3796-ENZGF,0.013955824914666862
3957-SQXML,0.013952738622923549
6656-GULJQ,0.013933669875038588
6974-DAFLI,0.01393091601155995
0336-KXKFK,0.013926146103890674
6332-FBZRI,0.013921953601368248
4006-HKYHO,0.013916600435231689
1269-FOYWN,0.013904935230577746
0625-AFOHS,0.013904214305297792
0827-ITJPH,0.013893813295187584
1122-YJBCS,0.013882740978962086
0254-WWRKD,0.013852208006565222
6265-FRMTQ,0.013773881425431561
8316-BBQAY,0.013750752412057525
5248-KWLAR,0.01367438711041181
4884-LEVMQ,0.013660801966435305
5774-QPLTF,0.013636548735170385
7164-BPTUT,0.013635028317445622
5485-ITNPC,0.013631021022839642
3251-YMVWZ,0.013587140764075531
8050-XGRVL,0.013578808384286743
6152-ONASV,0.013559642042653895
1506-YJTYT,0.013544103372522563
8174-LNWMW,0.01352273036448684
4641-FROLU,0.01345980022229246
9348-ROUAI,0.013451040588692181
6741-QRLUP,0.013417360569247009
5124-EOGYE,0.013404275467314297
1270-XKUCC,0.01338668468033384
9140-CZQZZ,0.013365309041066876
1568-BEKZM,0.013325488407346313
0412-UCCNP,0.013323113263885722
7284-ZZLOH,0.0133228278523889
4896-CPRPF,0.01328489059896091
1084-MNSMJ,0.013249100558332881
9066-QRSDU,0.013244885408359367
6685-GBWJZ,0.013231169587429717
0301-FIDRB,0.013225540278795071
8908-NMQTX,0.01322003869494662
0788-DXBFY,0.013209180469312265
5397-NSKQG,0.013190254144744097
2595-KIWPV,0.013169715852581724
9798-OPFEM,0.013164148255445277
2176-LVPNX,0.0131211505767131
4967-WPNCF,0.013108882732681236
4121-AGSIN,0.013100801418972467
6122-LJADA,0.013094082329714481
0048-PIHNL,0.01308526976039826
0567-XRHCU,0.013084485358241664
1972-XMUWV,0.013072843089385092
5642-MHDQT,0.01303698205418931
9968-FFVVH,0.013025691987853139
7205-BAIAD,0.01301217628088776
3508-VLHCZ,0.012987115638158185
3227-WLKLI,0.012980490990691628
6408-WHTEF,0.012962179643476682
3373-DIUUN,0.012922652021135935
9055-MOJJJ,0.012920732517677388
8859-YSTWS,0.012908120882359585
5480-XTFFL,0.012848804442359403
9073-ZZIAY,0.012833173266909
4718-WXBGI,0.012821299186509427
2885-HIJDH,0.012820587703883288
2824-DXNKN,0.01279851264196585
0017-DINOC,0.012788092951191531
3219-JQRSL,0.012757270515245743
6461-SZMCV,0.012750013428142594
5458-CQJTA,0.012721427460665955
6418-PIQSP,0.012681702312219335
5879-HMFFH,0.012605613540531706
1839-FBNFR,0.012592423974249697
6701-DHKWQ,0.012532891183203169
9477-LGWQI,0.01251700838607272
8039-EQPIM,0.012497709037581737
7103-ZGVNT,0.012496713730651858
9110-HSGTV,0.012494192352672925
5130-YPIRV,0.012475147737089836
9418-RUKPH,0.012473063363104766
8430-TWCBX,0.012425522092274478
8577-QSOCG,0.012401722459391862
8292-ITGYJ,0.012399937090506895
1951-IEYXM,0.012379308607399057
7781-HVGMK,0.012290533766973255
4654-ULTTN,0.01227493869074825
9135-MGVPY,0.012265695038529742
9732-OUYRN,0.012252623059353032
5360-XGYAZ,0.012247843300285999
1335-MXCSE,0.012244909301780614
8859-DZTGQ,0.012196922573922
5727-MYATE,0.012195365853331563
9068-VPWQQ,0.012191537134139634
4312-GVYNH,0.012171493481174798
3813-DHBBB,0.012151735372622041
2589-AYCRP,0.012134694448377533
5676-CFLYY,0.012087333241986723
8966-KZXXA,0.011984555694688667
5266-PFRQK,0.01198450928801964
5231-FIQPA,0.011928673897621178
0230-WEQUW,0.011917150361715733
7349-ALMUX,0.011910963351909547
7398-HPYZQ,0.011909296842414109
3084-DOWLE,0.011909078076671142
8413-YNHNV,0.01187322353580994
4671-VJLCL,0.011783222083443755
5680-LQOGP,0.011767394780338135
9435-JMLSX,0.011757155269579695
6504-VBLFL,0.011755772322456913
9361-YNQWJ,0.011747792933629807
0602-DDUML,0.011735966855861374
1414-YADCW,0.01173462723511571
2535-PBCGC,0.01172962318932878
9803-FTJCG,0.011721810976332996
6115-ZTBFQ,0.011717264964526393
1027-LKKQQ,0.011706821112530928
5542-NKVRU,0.011691667445470599
7633-MVPUY,0.01167910964238239
8902-ZEOVF,0.011673201818477192
4825-FUREZ,0.011622001113468493
0784-GTUUK,0.011615710664877316
4291-TPNFG,0.011611606717638593
2194-IIQOF,0.011594566647506683
9242-TKFSV,0.011593406408381008
2384-OVPSA,0.011589376707234911
4188-PCPIG,0.011588340418055483
6551-VLJMV,0.011564659342534474
4632-XJMEX,0.011553037160697303
6388-TABGU,0.011541301862796626
4635-EJYPD,0.01153851109348744
2580-ATZSQ,0.011535401075112714
3769-MHZNV,0.011529751661857175
0361-HJRDX,0.011523063326536962
5494-WOZRZ,0.011519271157958472
5275-PMFUT,0.011516265079374305
6885-PKOAM,0.011496048390421624
3779-OSWCF,0.011490742068545178
4701-LKOZD,0.0114859129013456
6813-GZQCG,0.011475154908455746
2428-HYUNX,0.0114675714554435
0839-JTCUD,0.011451240485101743
6463-MVYRY,0.01139086375937486
9610-WCESF,0.011389775334377876
0556-FJEGU,0.011388983580590067
6953-PBDIN,0.011362458739249487
4723-BEGSG,0.011361214360962098
4973-MGTON,0.011301513035789938
5320-BRKGK,0.01123884936738549
2990-IAJSV,0.011231942892209251
7945-PRBVF,0.011228302076310847
2649-HWLYB,0.011199986955582305
3704-IEAXF,0.011115031784375538
8690-ZVLCL,0.011103397950594476
3967-KXAPS,0.011102457804809835
5707-ZMDJP,0.011101195367091947
7340-KEFQE,0.0110892532489685
5795-BKOYE,0.011081454381943313
9489-DEDVP,0.011081002764640975
9631-RXVJM,0.011017422970027179
7321-KKSDU,0.011013021093617275
1985-MBRYP,0.010989525896766895
7560-QRBXH,0.010981798139953793
1116-FRYVH,0.010961342770212462
3950-VPYJB,0.010946883066409478
2234-EOFPT,0.010940865735652804
6288-CHQJB,0.010939533997624042
2729-VNVAP,0.010893063416977669
1221-GHZEP,0.010887196801699885
0244-LGNFY,0.010882162023001352
8874-EJNSR,0.010859967536433654
9650-VBUOG,0.01084049177176768
7649-SIJJF,0.010827190027260592
6532-YLWSI,0.010824687646597707
5329-KRDTM,0.01081978105932022
3487-EARAT,0.01079708263268344
0420-TXVSG,0.010789104406624844
8580-QVLOC,0.010771848398738793
3938-YFPXD,0.01074587870565264
9624-EGDEQ,0.010728705250030121
6169-PGNCD,0.010714417161835563
9443-JUBUO,0.010688811957758294
9620-QJREV,0.010637008754180818
8917-FAEMR,0.010633130003169629
5930-GBIWP,0.010618184119282113
7018-FPXHH,0.010612811009598051
5117-ZSMHQ,0.0105893459978618
0744-BIKKF,0.010588767102708488
5148-ORICT,0.010563757515055477
8722-PRFDV,0.010561658473245963
9602-WCXPI,0.01052653184374937
8191-XWSZG,0.0104887768500585
1459-QNFQT,0.010450829553534472
6177-PEVRA,0.010429563697294126
7101-HRBLJ,0.01041731262719248
9585-KKMFD,0.010404417992019606
8146-QQKZH,0.010384043116002358
6169-PPETC,0.010383046656555695
8219-VYBVI,0.010365803135699472
7722-VJRQD,0.010350812032332892
3050-RLLXC,0.010335411992870537
7471-WNSUF,0.010320261825375324
1087-GRUYI,0.01026542591233368
2642-MAWLJ,0.010242675586736435
8234-GSZYK,0.010228452018295033
2378-YIZKA,0.010193277857877301
0363-SVHYR,0.01017342165268556
1209-VFFOC,0.010166280567949349
2160-GPFXD,0.010149011060973634
3067-SVMTC,0.010072250473678008
6870-ZWMNX,0.01005666836045342
6922-NCEDI,0.010027772467346497
9451-WLYRI,0.010024454085095108
3451-VAWLI,0.010018727054503341
5377-NDTOU,0.009951862688848886
3284-SVCRO,0.009948600933353176
8374-UULRV,0.009948030045877201
3569-JFODW,0.009929838596162342
2300-RQGOI,0.00991588075622971
7601-GNDYK,0.009913464182135737
0379-DJQHR,0.009904678660559635
9489-JMTTN,0.009898824559246632
3500-NSDOA,0.009897209657481658
0582-AVCLN,0.009893020040956282
7873-CVMAW,0.00989066239226664
2821-WARNZ,0.009877547512200166
8336-TAVKX,0.0098732707665123
3262-EIDHV,0.009843213606544766
9488-FVZCC,0.009812995615098893
3472-QPRCH,0.009805753963520469
7963-SHNDT,0.009795999760485232
5845-BZZIB,0.009769093545107141
5181-OABFK,0.009750910594657089
6723-CEGQI,0.009743988655858947
7359-SSBJK,0.009714711471446032
7639-OPLNG,0.00967933045357233
7560-QJAVJ,0.0096786745762124
0343-QLUZP,0.00966858870284561
5338-YHWYT,0.009665121010232054
1699-UOTXU,0.00966407290852511
7408-OFWXJ,0.009651768888772302
7524-VRLPL,0.009636061323219963
3902-MIVLE,0.009632622902071996
0440-EKDCF,0.009618470209048033
9710-NJERN,0.009604054802110655
6439-PKTRR,0.0095866692431811
4933-BSAIP,0.009571087618447598
8249-THVEC,0.009552505871776047
1716-LSAMB,0.009547514752713723
4674-HGNUA,0.009535409937548285
2296-DKZFP,0.009520910816586597
8468-FZTOE,0.009466990373981687
4194-FJARJ,0.00944981511509673
7872-BAAZR,0.009333951555832958
6625-IUTTT,0.009329515392992196
1775-KWJKQ,0.009307814842758692
7696-CFTAT,0.009278348009224823
2925-VDZHY,0.009260195180539957
6374-AFWOX,0.009114630960180344
2208-MPXIO,0.009107705121726328
6479-SZPLM,0.009097197465102385
8205-VSLRB,0.009063549499453837
0019-GFNTW,0.009062893268742917
7073-QETQY,0.009049540966570827
9170-ARBTB,0.009048587304689189
5310-NOOVA,0.009045676967488632
4139-DETXS,0.009038357800741055
0730-BGQGF,0.00903794304307128
0769-MURVM,0.009037592717773915
4735-BJKOU,0.009031694265409975
2208-NKVVH,0.009028947561855344
3712-PKXZA,0.009021465404928838
5135-RDDQL,0.008968253715730876
5006-MXVRN,0.008898546147405522
8597-CTXVJ,0.008895456875530283
0774-RMNUW,0.008893539725945471
7274-CGTOD,0.008863707393455182
5176-LMJXE,0.008835112446221123
4915-BFSXL,0.008782286870472947
0318-ZOPWS,0.008752826460708013
6614-YOLAC,0.008742108237023826
0238-WHBIQ,0.008738737921822948
0732-OCQOC,0.00870999048808846
0936-NQLJU,0.00868941146431632
5176-OLSKT,0.00868924111791414
0362-RAOQO,0.00868643100974652
4475-NVTLU,0.008674881549202295
2451-YMUXS,0.00866401528296615
0442-TDYUO,0.008651354048020728
8402-OOOHJ,0.008573227222072228
3097-FQTVJ,0.008573038543791121
5804-JMYIO,0.008519897872690595
9823-EALYC,0.008502748368267471
3533-UVMOM,0.008498976900987188
9453-PATOS,0.008489508553998088
9755-JHNMN,0.008434793792924713
2796-NNUFI,0.00842156138187192
3727-OVPRY,0.008408191438866995
2888-ADFAO,0.00840704112521732
9281-CEDRU,0.008364535068819722
9068-FHQHD,0.008360836882751018
6695-AMZUF,0.008359028857614016
6348-SNFUS,0.008357958933149586
2263-SFSQZ,0.00833741035597997
0206-OYVOC,0.008333643603784344
8046-DNVTL,0.008324141765414635
7599-NTMDP,0.008315636170934485
0621-TSSMU,0.00831138490995748
5736-YEJAX,0.008297674340359535
7197-VOJMM,0.008277625651754623
5993-JSUWV,0.008260154502780288
8592-PLTMQ,0.00823498015330724
1722-LDZJS,0.008213773551120433
0848-SOMKO,0.008190606248476376
9065-ZCPQX,0.00815309993561126
8780-YRMTT,0.008143428145760622
3889-VWBID,0.008125338188769623
6000-UKLWI,0.008114790772992967
1599-EAHXY,0.008095053394948763
1074-WVEVG,0.008089470217561099
4652-ODEVH,0.008088793574731233
5296-BFCYD,0.00801234658247301
9938-PRCVK,0.008011981837426591
5465-BUBFA,0.007973514042976044
9481-WHGWY,0.00796195812927928
0506-YLVKJ,0.007958620948083667
2162-FRZAA,0.007951675776429409
9503-XJUME,0.007949619861112967
4102-HLENU,0.0079363148330651
0608-JDVEC,0.007899860292093717
8631-NBHFZ,0.007891962223079056
7998-WNZEM,0.00788433817694894
7601-DHFWZ,0.007849379677425035
5766-FTRTS,0.007842712359599465
1106-HRLKZ,0.007787106216572694
5201-CBWYG,0.007764510402177409
3719-TDVQB,0.007742637930683976
5614-DNZCE,0.0077303115214313245
4644-OBGFZ,0.007710102032505916
7898-PDWQE,0.007682892323461984
0973-KYVNF,0.007675685138561723
2969-VAPYH,0.007673694363122142
6051-PTVNS,0.007669887592462066
4521-WFJAI,0.007667202856796001
4940-KHCWD,0.007631614949205285
6980-CDGFC,0.007568865190090518
7009-PCARS,0.007549043933592071
5115-GZDEL,0.007545217278148291
2251-PYLPB,0.0075176676426445994
4012-YCFAI,0.007486472486510851
5044-XDPYX,0.007475827241374461
6925-BAYGL,0.007473977627846518
1047-RNXZV,0.007470013991288425
6365-HITVU,0.007467391602483597
5915-ANOEI,0.0074498207067154746
6479-VDGRK,0.007434263075504702
3120-FAZKD,0.007406325900788463
6407-GSJNL,0.007399280177962515
5968-HYJRZ,0.007385246088725575
5457-COLHT,0.007360092550795725
8215-NGSPE,0.007354806046560444
9588-YRFHY,0.007348784945337974
8241-JUIQO,0.0073262603307448215
3486-HOOGQ,0.0073163656812456155
8042-RNLKO,0.007315378786994495
6096-EGVTU,0.007299851156805099
0988-AADSA,0.007292583811516083
5939-SXWHM,0.007276168174361276
6997-UVGOX,0.007243091397071662
6292-TOSSS,0.007238700237278684
1043-YCUTE,0.007230403137359999
2882-WDTBA,0.007220567001139893
5196-WPYOW,0.00720657134016976
8990-YOZLV,0.00719517330970061
6384-VMJHP,0.007174087423190807
0052-YNYOT,0.007147102164493333
4872-JCVCA,0.007135583663526118
8922-NPKBJ,0.007108558706043103
4779-ZGICK,0.0070911164918485755
5846-NEQVZ,0.007039070627351902
9593-CVZKR,0.00701214810780751
6770-UAYGJ,0.007005858467745398
5016-LIPDW,0.006979615661420797
5093-FEGLU,0.006967778968297338
6725-TPKJO,0.0069654685845284585
5075-JSDKI,0.006964884464670722
8807-OPMBM,0.006948322414322876
2662-NNTDK,0.0069365897705149235
4878-BUNFV,0.00692553293372535
2560-QTSBS,0.006924078356960581
9661-JALZV,0.006857644296674847
8242-PDSGJ,0.006814451368199204
5067-WJEUN,0.006811638459069471
2908-WGAXL,0.006781904641447112
5803-NQJZO,0.0067361281987477865
1676-MQAOA,0.0067358304356710625
0562-KBDVM,0.006734629175509652
5781-RFZRP,0.006718453585458037
4625-LAMOB,0.006703527355259458
2954-PIBKO,0.006698952364427203
6080-LNESI,0.006697192622137117
7162-WPHPM,0.0066840186494358305
0885-HMGPY,0.006661684620047653
9769-TSBZE,0.00658133869483278
5529-GIBVH,0.006572110096476172
2068-WWXQZ,0.006565872452870626
6897-RWMUB,0.006558851409389513
5010-IPEAQ,0.0065399804493998705
6164-HAQTX,0.0065317717709568995
3913-FCUUW,0.006524393792104785
5356-KZCKT,0.006524103276578461
7139-JZFVG,0.006503156562994647
5095-ETBRJ,0.006502875739883919
3470-OBUET,0.006499775391113183
9646-NMHXE,0.006487108832851718
4900-MSOMT,0.006457363048496267
3884-UEBXB,0.006436084587287556
6729-FZWSY,0.006431807102211401
5549-ZGHFB,0.006410849161799841
2235-EZAIK,0.006402948680134425
5995-LFTLE,0.006389808668382051
8626-XHBIE,0.006360553824721714
8896-RAZCR,0.006308135347748146
6619-RPLQZ,0.006274961775538819
6961-MJKBO,0.006258101892270245
9091-WTUUY,0.006235879905151456
9993-LHIEB,0.006223749946424989
9114-DPSIA,0.006203422586871858
0932-YIXYU,0.006202703426110966
3190-ITQXP,0.006187869420579426
8338-QIUNR,0.006173535349361763
3071-MVJCD,0.006173181692773243
7306-YDSOI,0.00617237447313113
0386-CWRGM,0.006166305278803925
1073-XXCZD,0.006166089367404366
7921-BEPCI,0.006158030940255499
3662-FXJFO,0.00615573166588538
1207-BLKSA,0.006155024941341441
7242-EDTYC,0.006147535782165893
3512-IZIKN,0.006105440601664278
0336-PIKEI,0.006086420143052047
3764-MNMOI,0.006084191482089751
3785-KTYSH,0.006081582125961208
0562-FGDCR,0.0060705940041746835
5242-UOWHD,0.006060392313926787
5324-KTGCG,0.006056600549103036
3399-BMLVW,0.006015836116748614
8039-ACLPL,0.005991871662065564
8587-XYZSF,0.0059858459550511806
0526-SXDJP,0.005964321034612169
6425-JWTDV,0.005956504778291606
9639-BUJXT,0.005930264254474217
7416-CKTEP,0.005921678381420007
4742-TXUEX,0.005915905188724978
1814-WFGVS,0.005895339397462912
4992-LTJNE,0.0058808991332497465
2207-RYYRL,0.005880428152050774
9067-YGSCA,0.005875451465400697
7647-GYYKX,0.005847961692305268
4299-OPXEJ,0.005843433613959469
6762-NSODU,0.005837371224836216
8532-UEFWH,0.005827820919091832
2077-DDHJK,0.00581189566388285
5472-CVMDX,0.005811761344961342
6248-BSHKG,0.005799887342514234
2314-TNDJQ,0.00578675658985061
1862-QRWPE,0.00578660852172771
1709-EJDOX,0.0057788892505178
4698-KVLLG,0.005766999913877692
7033-CLAMM,0.005765468564967835
6283-GITPX,0.005761474605394612
6518-PPLMZ,0.005759431599674932
3795-GWTRD,0.005745371119885335
4636-TVXVG,0.005743382110106044
1697-LYYYX,0.0057391673894466805
7596-ZYWBB,0.005724426862546886
3948-KXDUF,0.005711989314040126
1248-DYXUB,0.005693045512737945
4018-PPNDW,0.005596713840317655
1215-EXRMO,0.00558896464613822
7634-HLQJR,0.005576539733900053
1813-JLKWR,0.005564747842386934
6695-FRVEC,0.005558761349912379
1085-LDWAM,0.005507983316601671
4361-FEBGN,0.0055061442054271815
4335-BSMJS,0.005497223633711422
9372-TXXPS,0.005497070899405331
9668-PUGNU,0.0054782835507443855
7860-UXCRM,0.005469747852600657
3200-MNQTF,0.005453528912865983
1468-DEFNC,0.005450807300142334
9251-AWQGT,0.005431065566409957
3580-GICBM,0.00542031812201688
9916-AYHTC,0.005418029129006652
4807-IZYOZ,0.005383164555721028
2230-XTUWL,0.00537548142615247
5208-FVQKB,0.005370918253144983
9975-GPKZU,0.005364242199390716
5970-GHJAW,0.005361557125036864
9081-WWXKP,0.005337253511084073
3400-ESFUW,0.005315299460940489
6614-YWYSC,0.005315258680770112
2817-LVCPP,0.00529163948044323
5227-JSCFE,0.005277034703575736
7860-KSUGX,0.005264957506877385
9499-XPZXM,0.0052372198517673454
0463-TXOAK,0.005234067174849286
3088-FVYWK,0.005230271261247176
4302-ZYFEL,0.0051621869668965455
8069-RHUXK,0.005139630448122494
3429-IFLEM,0.005123149737942876
5666-MBJPT,0.00509625145552981
2176-OSJUV,0.005053205780857502
3170-NMYVV,0.0050196191366906374
8028-PNXHQ,0.005014650518886124
4979-HPRFL,0.005002911477906011
1266-NZYUI,0.005000156259358894
9359-JANWS,0.004988399278497088
8701-DGLVH,0.004979267641200453
0508-SQWPL,0.0049574122496348315
3212-KXOCR,0.00494232339528335
1231-YNDEK,0.004925587648653725
0531-XBKMM,0.0049093633559508
2481-SBOYW,0.004908087496004581
8441-SHIPE,0.004864579074183003
2418-TPEUN,0.004862887590404978
2799-TSLAG,0.004851854074588861
6253-GNHWH,0.004833367248398832
6370-ZVHDV,0.0048245459517939305
1955-IBMMB,0.004820260294029014
8361-LBRDI,0.004813944313864307
3154-HMWUU,0.004804956397220277
9795-SHUHB,0.0047989807171174405
8395-ETZKQ,0.0047823906071977704
8882-TLVRW,0.004776100128197401
6340-DACFT,0.004768012502416769
7503-EPSZW,0.0047505618553060095
0621-CXBKL,0.004730076775877339
1241-FPMOF,0.004727794341626631
1574-DYCWE,0.0047256295086080535
1306-RPWXZ,0.004718649527447889
9504-YAZWB,0.004707672033494796
9257-AZMTZ,0.004691507189118615
9220-CXRSC,0.004661176326154461
6087-YPWHO,0.004661026576691032
2143-LJULT,0.004643819076905757
4458-KVRBJ,0.004640585010215138
3359-DSRKA,0.004633516219692696
0229-LFJAF,0.004632886922681879
1240-HCBOH,0.004627549613864152
9087-EYCPR,0.00461280026538585
2253-KPMNB,0.004608511649722921
8207-VVMYB,0.004607252886258126
7996-MHXLW,0.004590459186747429
3511-BFTJW,0.004579810133991627
1657-DYMBM,0.004579501093006698
2675-IJRGJ,0.004570621121932873
7608-RGIRO,0.004563292616111299
1241-EZFMJ,0.0045546655158581134
8540-ZQGEA,0.00454161011314144
9371-BITHB,0.004529749796960754
4785-FCIFB,0.004519461675413174
3620-EHIMZ,0.004503811650652346
2228-BZDEE,0.004500939467407583
6349-JDHQP,0.0044901525183758395
2632-TACXW,0.004464886950618581
7706-YLMQA,0.004439312680660847
6217-KDYWC,0.004437392082914408
1852-QSWCD,0.004418928487692075
8957-THMOA,0.004408840372776154
0603-TPMIB,0.004405713864465083
4534-WGCIR,0.004404889242639749
0270-THENM,0.00440372423091635
1080-BWSYE,0.004387036871593357
5605-XNWEN,0.004380370167591814
9507-HSMMZ,0.004369466480973006
2452-MRMZF,0.004358919467756106
6582-PLFUU,0.004353835777177145
9173-IVZVP,0.0043293016490986245
9786-YWNHU,0.004319694722689214
9565-AXSMR,0.004315082705705658
6139-ZZRBQ,0.004299224864460445
9814-AOUDH,0.004283849632754612
1619-YWUBB,0.004258302640660491
5821-MMEIL,0.004218764544632908
5699-BNCAS,0.004207525131329189
6685-XSHHU,0.004164965361486343
3646-ITDGM,0.004157741961473792
3148-AOIQT,0.004151052225828669
0281-CNTZX,0.004134783028877697
3967-VQOGC,0.004125875712087192
1167-OYZJF,0.004118834803534259
3913-RDSJZ,0.004117532528563256
2560-WBWXF,0.004081626995861596
1705-GUHPV,0.004070719189868618
4565-NLZBV,0.0040578484783120716
7169-YWAMK,0.004055851100760231
6134-KWTBV,0.004045987443907296
8838-GPHZP,0.004025568859159723
7427-AUFPY,0.00399647736445216
0607-DAAHE,0.003980138762318373
1926-QUZNN,0.003961077591798058
7399-QHBJS,0.003952489397918536
5793-YOLJN,0.003942312801927391
7008-LZVOZ,0.00390735114547721
3970-XGJDU,0.00389917104942966
7293-LSCDV,0.0038980953995114836
2075-PUEPR,0.0038874333053658134
5220-AGAAX,0.0038623760898197535
5296-PSYVW,0.0038431781659885255
4737-AQCPU,0.0038381167730674663
8380-MQINP,0.003824133808864737
5406-KGRMX,0.0038147050476598178
5115-SQAAU,0.003787693782614987
3027-YNWZU,0.0037862174100642297
5334-AFQJB,0.00378442078824958
7688-AWMDX,0.003777840929075124
0780-XNZFN,0.003777500817603958
9764-REAFF,0.0037739904462283655
1399-OUPJN,0.003772875053812715
5982-XMDEX,0.003765670684887504
2961-VNFKL,0.003763465229504597
7014-ZZXAW,0.0037589146382207297
9953-ZMKSM,0.003757779281167031
3635-QQRQD,0.003754037171698304
6485-QXWWE,0.0037509742015606816
9964-WBQDJ,0.0037444259196683645
2400-FEQME,0.00373106231408042
7643-RCHXS,0.0037254773683688958
6917-FIJHC,0.0037200303829691144
7480-SPLEF,0.003713436523611073
6734-PSBAW,0.0037063299050905225
9337-SRRNI,0.003703942564911407
6625-FLENO,0.0036998180501682
3612-YVGSJ,0.0036949363151818964
1098-KFQEC,0.0036705704647390213
8755-OGKNA,0.003670051059139943
0040-HALCW,0.0036542413223993077
8129-GMVGI,0.0036389213698665296
4990-ALDGW,0.0036345392629261097
0626-QXNGV,0.0036047968117351244
7493-GVFIO,0.00359520490136679
0374-FIUCA,0.0035532862094597405
8590-YFFQO,0.0035326074476659287
9084-OAYKL,0.003530683171967597
8464-EETCQ,0.003500385324958857
4625-XMOYM,0.003487645020471422
4176-RELJR,0.0034695385719208625
7113-HIPFI,0.003468425268418882
9286-BHDQG,0.0034511510506477655
2097-YVPKN,0.0034376355032875163
3836-FZSDJ,0.003429343394585571
1460-UZPRJ,0.0034106138083945213
2900-PHPLN,0.003402578829740892
7114-AEOZE,0.003397216230060756
8946-BFWSG,0.0033965561219919103
9135-HSWOC,0.0033840106543542533
3498-LZGQZ,0.0033772819766269935
3454-JFUBC,0.0033416969126002162
3696-DFHHB,0.0033400029629493187
1131-QQZEB,0.0033207534353721676
1767-CJKBA,0.00331630238396041
8735-SDUFN,0.0033149190838970897
3563-SVYLG,0.0033099762681483105
3118-UHVVQ,0.003303647128300971
1820-DJFPH,0.0032950745484766897
5567-GZKQY,0.0032916510515837907
6323-AYBRX,0.003284216582072173
8727-JQFHV,0.0032761427806288664
2072-ZVJJX,0.003267961661526333
8780-IHCRN,0.0032469033508020616
8164-OCKUJ,0.003240319141110156
0704-VCUMB,0.0032316982019265405
2525-GVKQU,0.0032184642496061204
7941-RCJOW,0.00321035885629779
0971-QIFJK,0.0032080941910764293
3873-WOSBC,0.0032052907261867904
6024-RUGGH,0.0031726464128555517
2346-LOCWC,0.0031668757601467333
3457-PQBYH,0.0031457064429752947
9972-EWRJS,0.003117699576937298
6010-DDPPW,0.0031139179460141935
7167-PCEYD,0.0031000237535514846
3777-XROBG,0.0030979550852838797
2050-ONYDQ,0.0030833748579014207
7328-ZJAJO,0.003056529655251038
3768-VHXQO,0.003047940886852967
0485-ZBSLN,0.0030228731417523834
1635-NZATJ,0.0030211034081594427
4443-EMBNA,0.0030210837457437744
8711-LOBKY,0.0030170639319021565
3308-DGHKL,0.0030069335116533337
8619-IJNDK,0.003003400807089624
5656-JAMLX,0.002995031542545405
8514-VZHEB,0.002993374229719608
7729-XBTWX,0.0029807768815377474
6892-BOGQE,0.0029747988055091002
0795-XCCTE,0.0029742389151893455
4656-CAURT,0.0029582837965338527
4589-IUAJB,0.002952785415699478
6484-LATFU,0.002950223002955051
9153-BTBVV,0.002939966768592992
6734-JDTTV,0.0029212961277339236
2696-RZVZW,0.002915035198538036
9430-NKQLY,0.002902709263662964
8857-CUPFQ,0.0028912496546079727
8747-UDCOI,0.0028862737663957238
2146-EGVDT,0.002885002908592886
2007-QVGAW,0.0028775268333777596
6857-TKDJV,0.0028750398105809845
4231-LZUYM,0.0028706514053482785
0962-CQPWQ,0.0028589491882463477
7115-IRDHS,0.0028549406054199635
7717-BICXI,0.002845463995779977
7558-IMLMT,0.002841920607388066
7161-DFHUF,0.002806890685288668
9397-TZSHA,0.0028031627209813767
1830-IPXVJ,0.0027984293973739136
5846-ABOBJ,0.0027919458885680456
1987-AUELQ,0.002787992421768286
2169-RRLFW,0.0027827879807977183
6651-RLGGM,0.002779204001046225
9500-WBGRP,0.002760620693951269
5743-KHMNA,0.002743883127390849
2181-TIDSV,0.002723990610902148
8347-GDTMP,0.0027165797406010477
7268-WNTCP,0.0027125213478103104
6848-HJTXY,0.002703116402297391
3507-GASNP,0.002702116520108345
9574-BOSMD,0.002696559656757765
8917-SZTTJ,0.0026937475088779812
4195-PNGZS,0.0026522064669879156
7225-IILWY,0.0026426432239129087
8237-ULIXL,0.0026414080464928695
2626-VEEWG,0.0026396478379967746
8434-VGEQQ,0.0026307366994578465
7096-ZNBZI,0.0026273343493254837
4836-WNFNO,0.002619662256682532
1299-AURJA,0.0026084942532309664
2569-WGERO,0.0026019718680949924
6963-KQYQB,0.0025946237729686196
2616-FLVQC,0.002584295783213182
8774-GSBUN,0.0025710900066087147
0613-WUXUM,0.00256864074879785
7711-GQBZC,0.0025584489969628465
0847-HGRML,0.0025476202459320703
3261-CQXOL,0.002539294335096848
8092-NLTGF,0.0025280483684134956
7157-SMCFK,0.0025128367216043584
8749-TZYEC,0.002512583273809618
4312-KFRXN,0.0025073019550514116
1945-XISKS,0.0024946885964253554
5598-IKHQQ,0.0024821432186343494
4707-MAXGU,0.0024819270662676265
9625-RZFUK,0.0024811303409809876
2509-TFPJU,0.0024788989104395595
7064-JHXCE,0.002471590331980492
8544-JNBOX,0.002467046179726763
8043-PNYSD,0.0024634522752668524
3774-VBNXY,0.002457841944739045
5884-FBCTL,0.00244254364365759
5854-KSRBJ,0.0024405273308290296
6621-NRZAK,0.002423125650133857
2236-HILPA,0.0024228604246665218
5902-WBLSE,0.002419339111406241
1302-TPUBN,0.002401251992550238
5730-DBDSI,0.002401014124587634
3810-PJUHR,0.0023947275617940108
6976-BWGLQ,0.0023902059189147835
3973-SKMLN,0.002382437412047646
2718-YSKCS,0.002371260017331544
0397-ZXWQF,0.0023700968751810348
7980-MHFLQ,0.002363438996076557
0402-OAMEN,0.0023558522384757126
8165-ZJRNM,0.0023536761139860097
5848-FHRFC,0.00234119032200826
7606-BPHHN,0.002331827481423587
0394-YONDK,0.0023283536747419225
1293-BSEUN,0.002313771795207661
5799-JRCZO,0.002312564085360332
5146-YYFRZ,0.0023031876311968616
5893-KCLGT,0.0022708636742490933
4193-IBKSW,0.0022703231675317913
1555-HAPSU,0.0022652808153607175
8224-KDLKN,0.0022438528889668365
7515-LODFU,0.0022362584716078297
0174-QRVVY,0.002234363937900494
7969-FFOWG,0.002225431141859009
0505-SPOOW,0.0022235511183694985
6855-VLGOS,0.002222511825921472
0480-KYJVA,0.002210827694170179
9838-BFCQT,0.0022105476170832163
7684-XSZIY,0.002199185112018431
3274-NSDWE,0.0021899540211941593
6585-WCEWR,0.002177279395419035
8966-SNIZF,0.0021717767979884833
7695-PKLCZ,0.0021575990063259025
6181-AXXYF,0.002134579905624971
9365-CSLBQ,0.0021319651383230904
6345-FZOQH,0.002131676342230483
0562-HKHML,0.0021288729427153745
6285-FTQBF,0.002120998876597418
4821-WQOYN,0.0021124547850313253
7010-BRBUU,0.0020734356873771524
2607-DHDAK,0.0020661044943257687
3910-MRQOY,0.0020563018747308047
7602-DBTOU,0.0020453165159203925
9800-OUIGR,0.0020435786089236414
2804-ETQDK,0.0020174482109244205
0042-RLHYP,0.002006766336648265
6980-IMXXE,0.0020048321202334623
3678-MNGZX,0.0019988644696510454
7463-IFMQU,0.0019986200647814246
8285-ABVLB,0.0019948921235888204
2984-RGEYA,0.0019931164051487818
7673-BQGKU,0.001962465615326269
6060-QBMGV,0.0019543141982687443
8232-UTFOZ,0.0019360150788002041
0825-CPPQH,0.001927169387677663
2545-LXYVJ,0.0019230102386165692
1591-XWLGB,0.0019151599483547628
5346-BZCHP,0.0019146229265765168
8750-QWZAJ,0.001885863011867354
0902-XKXPN,0.0018846000756128853
9537-JALFH,0.0018800076377286663
1764-VUUMT,0.00187878577672251
1927-QEWMY,0.001863781448938543
7876-DNYAP,0.001857670535722906
8229-BUJHX,0.0018340085472544267
3996-ZNWYK,0.0018276712761854082
3976-HXHCE,0.0018092653194334183
2429-AYKKO,0.0018083881747022084
7083-MIOPC,0.0018044417310709494
3642-BYHDO,0.0017871543747259384
0264-CNITK,0.0017833154189032428
4817-KEQSP,0.0017555903813366014
0404-AHASP,0.0017450020353753763
1166-PQLGG,0.0017339178183471598
0464-WJTKO,0.0017220417535188796
5787-KXGIY,0.0016939214328549098
4957-SREEC,0.00166916077542034
3173-WSSUE,0.0016533271885676142
0831-JNISG,0.0016435727725672116
3279-DYZQM,0.001641435776398755
1052-QJIBV,0.0016407524573423752
0640-YJTPY,0.001635232938242576
1403-GYAFU,0.0016276103490255995
0794-YVSGE,0.0016040879293648942
4277-BWBML,0.0015739759891263722
6928-ONTRW,0.0015473118933688633
4086-WITJG,0.0015189103622681287
2848-YXSMW,0.0014677073410536026
0784-ZQJZX,0.0014516195159814213
